run_id,key,pair,run,arm,wall_s,e,cycles,converged,ngrids,naux,nao,policy,ao_cache_tier,xc,k,vv10,fp64_tail,ao_cache_bytes64,ao_cache_bytes32,cderi_types,cderi_bytes,error
37540378856-1-d05888b8,speed/metformin/r2scan/mtzvpp,0,,mixed,76.4806,-432.6914662052531,12,True,370176,883,251,"MixedPrecision(xc=True, k=False, vv10=False, xc_switch_tol=0.001, k_switch_tol=0.001, vv10_switch_tol=1e-05, ao_cache_fp64=True)",fp64+fp32,"fp32*8,fp64*5",fp64*13,fp64*13,True,2213838848,1106919424,,0,
37540378856-1-d05888b8,speed/metformin/r2scan/mtzvpp,0,,stock,3.0738,-432.69146620525333,12,True,370176,883,251,,,,,,,,,,0,
37540378856-1-d05888b8,speed/metformin/r2scan/mtzvpp,1,,mixed,1.5304,-432.6914662052532,12,True,370176,883,251,"MixedPrecision(xc=True, k=False, vv10=False, xc_switch_tol=0.001, k_switch_tol=0.001, vv10_switch_tol=1e-05, ao_cache_fp64=True)",fp64+fp32,"fp32*8,fp64*5",fp64*13,fp64*13,True,2213838848,1106919424,,0,
37540378856-1-d05888b8,speed/metformin/r2scan/mtzvpp,1,,stock,2.6138,-432.69146620525333,12,True,370176,883,251,,,,,,,,,,0,
37540378856-1-d05888b8,speed/metformin/r2scan/mtzvpp,2,,mixed,1.5282,-432.69146620525333,12,True,370176,883,251,"MixedPrecision(xc=True, k=False, vv10=False, xc_switch_tol=0.001, k_switch_tol=0.001, vv10_switch_tol=1e-05, ao_cache_fp64=True)",fp64+fp32,"fp32*8,fp64*5",fp64*13,fp64*13,True,2213838848,1106919424,,0,
37540378856-1-d05888b8,speed/metformin/r2scan/mtzvpp,2,,stock,2.6856,-432.691466205253,12,True,370176,883,251,,,,,,,,,,0,
37540378856-1-d05888b8,speed/metformin/r2scan/mtzvpp,3,,mixed,1.5221,-432.69146620525356,12,True,370176,883,251,"MixedPrecision(xc=True, k=False, vv10=False, xc_switch_tol=0.001, k_switch_tol=0.001, vv10_switch_tol=1e-05, ao_cache_fp64=True)",fp64+fp32,"fp32*8,fp64*5",fp64*13,fp64*13,True,2213838848,1106919424,,0,
37540378856-1-d05888b8,speed/metformin/r2scan/mtzvpp,3,,stock,2.7846,-432.6914662052531,12,True,370176,883,251,,,,,,,,,,0,
37540378856-1-d05888b8,speed/paracetamol/r2scan/mtzvpp,0,,mixed,1.7587,-515.3814799379105,13,True,385280,993,269,"MixedPrecision(xc=True, k=False, vv10=False, xc_switch_tol=0.001, k_switch_tol=0.001, vv10_switch_tol=1e-05, ao_cache_fp64=True)",fp64+fp32,"fp32*9,fp64*5",fp64*14,fp64*14,True,2242281472,1121140736,,0,
37540378856-1-d05888b8,speed/paracetamol/r2scan/mtzvpp,0,,stock,2.9475,-515.3814799379112,13,True,385280,993,269,,,,,,,,,,0,
37540378856-1-d05888b8,speed/paracetamol/r2scan/mtzvpp,1,,mixed,1.9912,-515.3814799379105,13,True,385280,993,269,"MixedPrecision(xc=True, k=False, vv10=False, xc_switch_tol=0.001, k_switch_tol=0.001, vv10_switch_tol=1e-05, ao_cache_fp64=True)",fp64+fp32,"fp32*9,fp64*5",fp64*14,fp64*14,True,2242281472,1121140736,,0,
37540378856-1-d05888b8,speed/paracetamol/r2scan/mtzvpp,1,,stock,3.1087,-515.381479937911,13,True,385280,993,269,,,,,,,,,,0,
37540378856-1-d05888b8,speed/paracetamol/r2scan/mtzvpp,2,,mixed,1.7317,-515.3814799379101,13,True,385280,993,269,"MixedPrecision(xc=True, k=False, vv10=False, xc_switch_tol=0.001, k_switch_tol=0.001, vv10_switch_tol=1e-05, ao_cache_fp64=True)",fp64+fp32,"fp32*9,fp64*5",fp64*14,fp64*14,True,2242281472,1121140736,,0,
37540378856-1-d05888b8,speed/paracetamol/r2scan/mtzvpp,2,,stock,3.1747,-515.3814799379105,13,True,385280,993,269,,,,,,,,,,0,
37540378856-1-d05888b8,speed/paracetamol/r2scan/mtzvpp,3,,mixed,1.7681,-515.3814799379105,13,True,385280,993,269,"MixedPrecision(xc=True, k=False, vv10=False, xc_switch_tol=0.001, k_switch_tol=0.001, vv10_switch_tol=1e-05, ao_cache_fp64=True)",fp64+fp32,"fp32*9,fp64*5",fp64*14,fp64*14,True,2242281472,1121140736,,0,
37540378856-1-d05888b8,speed/paracetamol/r2scan/mtzvpp,3,,stock,2.9918,-515.3814799379114,13,True,385280,993,269,,,,,,,,,,0,
37540378856-1-d05888b8,speed/nicotine/r2scan/mtzvpp,0,,mixed,2.6414,-498.83002083751194,12,True,483328,1156,308,"MixedPrecision(xc=True, k=False, vv10=False, xc_switch_tol=0.001, k_switch_tol=0.001, vv10_switch_tol=1e-05, ao_cache_fp64=True)",fp64+fp32,"fp32*8,fp64*5",fp64*13,fp64*13,True,3389128704,1694564352,,0,
37540378856-1-d05888b8,speed/nicotine/r2scan/mtzvpp,0,,stock,5.2446,-498.83002083751194,12,True,483328,1156,308,,,,,,,,,,0,
37540378856-1-d05888b8,speed/nicotine/r2scan/mtzvpp,1,,mixed,3.0685,-498.8300208375115,12,True,483328,1156,308,"MixedPrecision(xc=True, k=False, vv10=False, xc_switch_tol=0.001, k_switch_tol=0.001, vv10_switch_tol=1e-05, ao_cache_fp64=True)",fp64+fp32,"fp32*8,fp64*5",fp64*13,fp64*13,True,3389128704,1694564352,,0,
37540378856-1-d05888b8,speed/nicotine/r2scan/mtzvpp,1,,stock,4.1852,-498.8300208375115,12,True,483328,1156,308,,,,,,,,,,0,
37540378856-1-d05888b8,speed/nicotine/r2scan/mtzvpp,2,,mixed,2.388,-498.8300208375115,12,True,483328,1156,308,"MixedPrecision(xc=True, k=False, vv10=False, xc_switch_tol=0.001, k_switch_tol=0.001, vv10_switch_tol=1e-05, ao_cache_fp64=True)",fp64+fp32,"fp32*8,fp64*5",fp64*13,fp64*13,True,3389128704,1694564352,,0,
37540378856-1-d05888b8,speed/nicotine/r2scan/mtzvpp,2,,stock,3.9161,-498.83002083751194,12,True,483328,1156,308,,,,,,,,,,0,
37540378856-1-d05888b8,speed/nicotine/r2scan/mtzvpp,3,,mixed,2.3871,-498.8300208375115,12,True,483328,1156,308,"MixedPrecision(xc=True, k=False, vv10=False, xc_switch_tol=0.001, k_switch_tol=0.001, vv10_switch_tol=1e-05, ao_cache_fp64=True)",fp64+fp32,"fp32*8,fp64*5",fp64*13,fp64*13,True,3389128704,1694564352,,0,
37540378856-1-d05888b8,speed/nicotine/r2scan/mtzvpp,3,,stock,4.1793,-498.8300208375115,12,True,483328,1156,308,,,,,,,,,,0,
37540378856-1-d05888b8,speed/gabapentin/r2scan/mtzvpp,0,,mixed,2.4847,-558.2822780655162,12,True,528640,1212,328,"MixedPrecision(xc=True, k=False, vv10=False, xc_switch_tol=0.001, k_switch_tol=0.001, vv10_switch_tol=1e-05, ao_cache_fp64=True)",fp64+fp32,"fp32*9,fp64*4",fp64*13,fp64*13,True,3991240704,1995620352,,0,
37540378856-1-d05888b8,speed/gabapentin/r2scan/mtzvpp,0,,stock,4.18,-558.2822780655162,12,True,528640,1212,328,,,,,,,,,,0,
37540378856-1-d05888b8,speed/gabapentin/r2scan/mtzvpp,1,,mixed,3.5428,-558.2822780655166,12,True,528640,1212,328,"MixedPrecision(xc=True, k=False, vv10=False, xc_switch_tol=0.001, k_switch_tol=0.001, vv10_switch_tol=1e-05, ao_cache_fp64=True)",fp64+fp32,"fp32*9,fp64*4",fp64*13,fp64*13,True,3991240704,1995620352,,0,
37540378856-1-d05888b8,speed/gabapentin/r2scan/mtzvpp,1,,stock,4.318,-558.2822780655166,12,True,528640,1212,328,,,,,,,,,,0,
37540378856-1-d05888b8,speed/gabapentin/r2scan/mtzvpp,2,,mixed,2.509,-558.2822780655162,12,True,528640,1212,328,"MixedPrecision(xc=True, k=False, vv10=False, xc_switch_tol=0.001, k_switch_tol=0.001, vv10_switch_tol=1e-05, ao_cache_fp64=True)",fp64+fp32,"fp32*9,fp64*4",fp64*13,fp64*13,True,3991240704,1995620352,,0,
37540378856-1-d05888b8,speed/gabapentin/r2scan/mtzvpp,2,,stock,4.2021,-558.2822780655159,12,True,528640,1212,328,,,,,,,,,,0,
37540378856-1-d05888b8,speed/gabapentin/r2scan/mtzvpp,3,,mixed,2.5098,-558.2822780655157,12,True,528640,1212,328,"MixedPrecision(xc=True, k=False, vv10=False, xc_switch_tol=0.001, k_switch_tol=0.001, vv10_switch_tol=1e-05, ao_cache_fp64=True)",fp64+fp32,"fp32*9,fp64*4",fp64*13,fp64*13,True,3991240704,1995620352,,0,
37540378856-1-d05888b8,speed/gabapentin/r2scan/mtzvpp,3,,stock,4.2315,-558.2822780655159,12,True,528640,1212,328,,,,,,,,,,0,
37540378856-1-d05888b8,speed/aspirin/r2scan/mtzvpp,0,,mixed,2.3328,-648.5867378508136,14,True,415488,1127,307,"MixedPrecision(xc=True, k=False, vv10=False, xc_switch_tol=0.001, k_switch_tol=0.001, vv10_switch_tol=1e-05, ao_cache_fp64=True)",fp64+fp32,"fp32*9,fp64*6",fp64*15,fp64*15,True,2842025984,1421012992,,0,
37540378856-1-d05888b8,speed/aspirin/r2scan/mtzvpp,0,,stock,3.6588,-648.5867378508127,14,True,415488,1127,307,,,,,,,,,,0,
37540378856-1-d05888b8,speed/aspirin/r2scan/mtzvpp,1,,mixed,2.3269,-648.5867378508127,14,True,415488,1127,307,"MixedPrecision(xc=True, k=False, vv10=False, xc_switch_tol=0.001, k_switch_tol=0.001, vv10_switch_tol=1e-05, ao_cache_fp64=True)",fp64+fp32,"fp32*9,fp64*6",fp64*15,fp64*15,True,2842025984,1421012992,,0,
37540378856-1-d05888b8,speed/aspirin/r2scan/mtzvpp,1,,stock,3.851,-648.5867378508125,14,True,415488,1127,307,,,,,,,,,,0,
37540378856-1-d05888b8,speed/aspirin/r2scan/mtzvpp,2,,mixed,2.32,-648.5867378508127,14,True,415488,1127,307,"MixedPrecision(xc=True, k=False, vv10=False, xc_switch_tol=0.001, k_switch_tol=0.001, vv10_switch_tol=1e-05, ao_cache_fp64=True)",fp64+fp32,"fp32*9,fp64*6",fp64*15,fp64*15,True,2842025984,1421012992,,0,
37540378856-1-d05888b8,speed/aspirin/r2scan/mtzvpp,2,,stock,3.6553,-648.5867378508132,14,True,415488,1127,307,,,,,,,,,,0,
37540378856-1-d05888b8,speed/aspirin/r2scan/mtzvpp,3,,mixed,2.3166,-648.5867378508125,14,True,415488,1127,307,"MixedPrecision(xc=True, k=False, vv10=False, xc_switch_tol=0.001, k_switch_tol=0.001, vv10_switch_tol=1e-05, ao_cache_fp64=True)",fp64+fp32,"fp32*9,fp64*6",fp64*15,fp64*15,True,2842025984,1421012992,,0,
37540378856-1-d05888b8,speed/aspirin/r2scan/mtzvpp,3,,stock,3.7479,-648.5867378508136,14,True,415488,1127,307,,,,,,,,,,0,
37540378856-1-d05888b8,speed/theophylline/r2scan/mtzvpp,0,,mixed,2.4037,-640.9480150380407,14,True,415488,1131,317,"MixedPrecision(xc=True, k=False, vv10=False, xc_switch_tol=0.001, k_switch_tol=0.001, vv10_switch_tol=1e-05, ao_cache_fp64=True)",fp64+fp32,"fp32*10,fp64*5",fp64*15,fp64*15,True,2983403520,1491701760,,0,
37540378856-1-d05888b8,speed/theophylline/r2scan/mtzvpp,0,,stock,3.7697,-640.9480150380407,14,True,415488,1131,317,,,,,,,,,,0,
37540378856-1-d05888b8,speed/theophylline/r2scan/mtzvpp,1,,mixed,2.3493,-640.9480150380402,14,True,415488,1131,317,"MixedPrecision(xc=True, k=False, vv10=False, xc_switch_tol=0.001, k_switch_tol=0.001, vv10_switch_tol=1e-05, ao_cache_fp64=True)",fp64+fp32,"fp32*10,fp64*5",fp64*15,fp64*15,True,2983403520,1491701760,,0,
37540378856-1-d05888b8,speed/theophylline/r2scan/mtzvpp,1,,stock,3.7629,-640.9480150380407,14,True,415488,1131,317,,,,,,,,,,0,
37540378856-1-d05888b8,speed/theophylline/r2scan/mtzvpp,2,,mixed,2.3406,-640.9480150380409,14,True,415488,1131,317,"MixedPrecision(xc=True, k=False, vv10=False, xc_switch_tol=0.001, k_switch_tol=0.001, vv10_switch_tol=1e-05, ao_cache_fp64=True)",fp64+fp32,"fp32*10,fp64*5",fp64*15,fp64*15,True,2983403520,1491701760,,0,
37540378856-1-d05888b8,speed/theophylline/r2scan/mtzvpp,2,,stock,3.7954,-640.9480150380407,14,True,415488,1131,317,,,,,,,,,,0,
37540378856-1-d05888b8,speed/theophylline/r2scan/mtzvpp,3,,mixed,2.3494,-640.9480150380398,14,True,415488,1131,317,"MixedPrecision(xc=True, k=False, vv10=False, xc_switch_tol=0.001, k_switch_tol=0.001, vv10_switch_tol=1e-05, ao_cache_fp64=True)",fp64+fp32,"fp32*10,fp64*5",fp64*15,fp64*15,True,2983403520,1491701760,,0,
37540378856-1-d05888b8,speed/theophylline/r2scan/mtzvpp,3,,stock,3.7493,-640.9480150380407,14,True,415488,1131,317,,,,,,,,,,0,
37540378856-1-d05888b8,speed/caffeine/r2scan/mtzvpp,0,,mixed,2.9185,-680.2427859221475,14,True,468224,1242,346,"MixedPrecision(xc=True, k=False, vv10=False, xc_switch_tol=0.001, k_switch_tol=0.001, vv10_switch_tol=1e-05, ao_cache_fp64=True)",fp64+fp32,"fp32*10,fp64*5",fp64*15,fp64*15,True,3506569216,1753284608,,0,
37540378856-1-d05888b8,speed/caffeine/r2scan/mtzvpp,0,,stock,4.4835,-680.2427859221477,14,True,468224,1242,346,,,,,,,,,,0,
37540378856-1-d05888b8,speed/caffeine/r2scan/mtzvpp,1,,mixed,3.2966,-680.2427859221473,14,True,468224,1242,346,"MixedPrecision(xc=True, k=False, vv10=False, xc_switch_tol=0.001, k_switch_tol=0.001, vv10_switch_tol=1e-05, ao_cache_fp64=True)",fp64+fp32,"fp32*10,fp64*5",fp64*15,fp64*15,True,3506569216,1753284608,,0,
37540378856-1-d05888b8,speed/caffeine/r2scan/mtzvpp,1,,stock,5.5715,-680.2427859221484,14,True,468224,1242,346,,,,,,,,,,0,
37540378856-1-d05888b8,speed/caffeine/r2scan/mtzvpp,2,,mixed,2.7918,-680.2427859221473,14,True,468224,1242,346,"MixedPrecision(xc=True, k=False, vv10=False, xc_switch_tol=0.001, k_switch_tol=0.001, vv10_switch_tol=1e-05, ao_cache_fp64=True)",fp64+fp32,"fp32*10,fp64*5",fp64*15,fp64*15,True,3506569216,1753284608,,0,
37540378856-1-d05888b8,speed/caffeine/r2scan/mtzvpp,2,,stock,4.7345,-680.2427859221477,14,True,468224,1242,346,,,,,,,,,,0,
37540378856-1-d05888b8,speed/caffeine/r2scan/mtzvpp,3,,mixed,2.8753,-680.242785922148,14,True,468224,1242,346,"MixedPrecision(xc=True, k=False, vv10=False, xc_switch_tol=0.001, k_switch_tol=0.001, vv10_switch_tol=1e-05, ao_cache_fp64=True)",fp64+fp32,"fp32*10,fp64*5",fp64*15,fp64*15,True,3506569216,1753284608,,0,
37540378856-1-d05888b8,speed/caffeine/r2scan/mtzvpp,3,,stock,4.4985,-680.2427859221475,14,True,468224,1242,346,,,,,,,,,,0,
37540378856-1-d05888b8,speed/levodopa/r2scan/mtzvpp,0,,mixed,3.0539,-705.1224984483766,14,True,483328,1258,346,"MixedPrecision(xc=True, k=False, vv10=False, xc_switch_tol=0.001, k_switch_tol=0.001, vv10_switch_tol=1e-05, ao_cache_fp64=True)",fp64+fp32,"fp32*9,fp64*6",fp64*15,fp64*15,True,3390308352,1695154176,,0,
37540378856-1-d05888b8,speed/levodopa/r2scan/mtzvpp,0,,stock,4.5984,-705.1224984483769,14,True,483328,1258,346,,,,,,,,,,0,
37540378856-1-d05888b8,speed/levodopa/r2scan/mtzvpp,1,,mixed,2.8518,-705.1224984483757,14,True,483328,1258,346,"MixedPrecision(xc=True, k=False, vv10=False, xc_switch_tol=0.001, k_switch_tol=0.001, vv10_switch_tol=1e-05, ao_cache_fp64=True)",fp64+fp32,"fp32*9,fp64*6",fp64*15,fp64*15,True,3390308352,1695154176,,0,
37540378856-1-d05888b8,speed/levodopa/r2scan/mtzvpp,1,,stock,4.7506,-705.1224984483771,14,True,483328,1258,346,,,,,,,,,,0,
37540378856-1-d05888b8,speed/levodopa/r2scan/mtzvpp,2,,mixed,2.8348,-705.1224984483762,14,True,483328,1258,346,"MixedPrecision(xc=True, k=False, vv10=False, xc_switch_tol=0.001, k_switch_tol=0.001, vv10_switch_tol=1e-05, ao_cache_fp64=True)",fp64+fp32,"fp32*9,fp64*6",fp64*15,fp64*15,True,3390308352,1695154176,,0,
37540378856-1-d05888b8,speed/levodopa/r2scan/mtzvpp,2,,stock,4.605,-705.1224984483764,14,True,483328,1258,346,,,,,,,,,,0,
37540378856-1-d05888b8,speed/levodopa/r2scan/mtzvpp,3,,mixed,2.9951,-705.1224984483769,14,True,483328,1258,346,"MixedPrecision(xc=True, k=False, vv10=False, xc_switch_tol=0.001, k_switch_tol=0.001, vv10_switch_tol=1e-05, ao_cache_fp64=True)",fp64+fp32,"fp32*9,fp64*6",fp64*15,fp64*15,True,3390308352,1695154176,,0,
37540378856-1-d05888b8,speed/levodopa/r2scan/mtzvpp,3,,stock,4.6085,-705.1224984483762,14,True,483328,1258,346,,,,,,,,,,0,
37540378856-1-d05888b8,speed/ibuprofen/r2scan/mtzvpp,0,,mixed,3.6778,-656.5422410927076,13,True,611584,1453,385,"MixedPrecision(xc=True, k=False, vv10=False, xc_switch_tol=0.001, k_switch_tol=0.001, vv10_switch_tol=1e-05, ao_cache_fp64=True)",fp64+fp32,"fp32*8,fp64*6",fp64*14,fp64*14,True,4386955264,2193477632,,0,
37540378856-1-d05888b8,speed/ibuprofen/r2scan/mtzvpp,0,,stock,5.6547,-656.5422410927079,13,True,611584,1453,385,,,,,,,,,,0,
37540378856-1-d05888b8,speed/ibuprofen/r2scan/mtzvpp,1,,mixed,3.6125,-656.5422410927076,13,True,611584,1453,385,"MixedPrecision(xc=True, k=False, vv10=False, xc_switch_tol=0.001, k_switch_tol=0.001, vv10_switch_tol=1e-05, ao_cache_fp64=True)",fp64+fp32,"fp32*8,fp64*6",fp64*14,fp64*14,True,4386955264,2193477632,,0,
37540378856-1-d05888b8,speed/ibuprofen/r2scan/mtzvpp,1,,stock,5.6445,-656.5422410927067,13,True,611584,1453,385,,,,,,,,,,0,
37540378856-1-d05888b8,speed/ibuprofen/r2scan/mtzvpp,2,,mixed,3.573,-656.5422410927076,13,True,611584,1453,385,"MixedPrecision(xc=True, k=False, vv10=False, xc_switch_tol=0.001, k_switch_tol=0.001, vv10_switch_tol=1e-05, ao_cache_fp64=True)",fp64+fp32,"fp32*8,fp64*6",fp64*14,fp64*14,True,4386955264,2193477632,,0,
37540378856-1-d05888b8,speed/ibuprofen/r2scan/mtzvpp,2,,stock,5.5821,-656.5422410927076,13,True,611584,1453,385,,,,,,,,,,0,
37540378856-1-d05888b8,speed/ibuprofen/r2scan/mtzvpp,3,,mixed,3.5349,-656.5422410927074,13,True,611584,1453,385,"MixedPrecision(xc=True, k=False, vv10=False, xc_switch_tol=0.001, k_switch_tol=0.001, vv10_switch_tol=1e-05, ao_cache_fp64=True)",fp64+fp32,"fp32*8,fp64*6",fp64*14,fp64*14,True,4386955264,2193477632,,0,
37540378856-1-d05888b8,speed/ibuprofen/r2scan/mtzvpp,3,,stock,5.6009,-656.5422410927079,13,True,611584,1453,385,,,,,,,,,,0,
37540378856-1-d05888b8,speed/naproxen/r2scan/mtzvpp,0,,mixed,4.0649,-767.4423859549358,14,True,596480,1533,408,"MixedPrecision(xc=True, k=False, vv10=False, xc_switch_tol=0.001, k_switch_tol=0.001, vv10_switch_tol=1e-05, ao_cache_fp64=True)",fp64+fp32,"fp32*10,fp64*5",fp64*15,fp64*15,True,4393893888,2196946944,,0,
37540378856-1-d05888b8,speed/naproxen/r2scan/mtzvpp,0,,stock,6.085,-767.4423859549365,14,True,596480,1533,408,,,,,,,,,,0,
37540378856-1-d05888b8,speed/naproxen/r2scan/mtzvpp,1,,mixed,3.4849,-767.4423859549354,14,True,596480,1533,408,"MixedPrecision(xc=True, k=False, vv10=False, xc_switch_tol=0.001, k_switch_tol=0.001, vv10_switch_tol=1e-05, ao_cache_fp64=True)",fp64+fp32,"fp32*10,fp64*5",fp64*15,fp64*15,True,4393893888,2196946944,,0,
37540378856-1-d05888b8,speed/naproxen/r2scan/mtzvpp,1,,stock,5.9618,-767.4423859549365,14,True,596480,1533,408,,,,,,,,,,0,
37540378856-1-d05888b8,speed/naproxen/r2scan/mtzvpp,2,,mixed,3.4735,-767.4423859549365,14,True,596480,1533,408,"MixedPrecision(xc=True, k=False, vv10=False, xc_switch_tol=0.001, k_switch_tol=0.001, vv10_switch_tol=1e-05, ao_cache_fp64=True)",fp64+fp32,"fp32*10,fp64*5",fp64*15,fp64*15,True,4393893888,2196946944,,0,
37540378856-1-d05888b8,speed/naproxen/r2scan/mtzvpp,2,,stock,5.9005,-767.4423859549368,14,True,596480,1533,408,,,,,,,,,,0,
37540378856-1-d05888b8,speed/naproxen/r2scan/mtzvpp,3,,mixed,3.4795,-767.4423859549361,14,True,596480,1533,408,"MixedPrecision(xc=True, k=False, vv10=False, xc_switch_tol=0.001, k_switch_tol=0.001, vv10_switch_tol=1e-05, ao_cache_fp64=True)",fp64+fp32,"fp32*10,fp64*5",fp64*15,fp64*15,True,4393893888,2196946944,,0,
37540378856-1-d05888b8,speed/naproxen/r2scan/mtzvpp,3,,stock,5.9041,-767.4423859549365,14,True,596480,1533,408,,,,,,,,,,0,
37540378856-1-d05888b8,speed/lidocaine/r2scan/mtzvpp,0,,mixed,4.7752,-731.2775701783112,13,True,717312,1677,448,"MixedPrecision(xc=True, k=False, vv10=False, xc_switch_tol=0.001, k_switch_tol=0.001, vv10_switch_tol=1e-05, ao_cache_fp64=True)",fp64+fp32,"fp32*10,fp64*4",fp64*14,fp64*14,True,5859049472,2929524736,,0,
37540378856-1-d05888b8,speed/lidocaine/r2scan/mtzvpp,0,,stock,7.9218,-731.2775701783125,13,True,717312,1677,448,,,,,,,,,,0,
37540378856-1-d05888b8,speed/lidocaine/r2scan/mtzvpp,1,,mixed,4.1934,-731.2775701783116,13,True,717312,1677,448,"MixedPrecision(xc=True, k=False, vv10=False, xc_switch_tol=0.001, k_switch_tol=0.001, vv10_switch_tol=1e-05, ao_cache_fp64=True)",fp64+fp32,"fp32*10,fp64*4",fp64*14,fp64*14,True,5859049472,2929524736,,0,
37540378856-1-d05888b8,speed/lidocaine/r2scan/mtzvpp,1,,stock,7.7515,-731.277570178313,13,True,717312,1677,448,,,,,,,,,,0,
37540378856-1-d05888b8,speed/lidocaine/r2scan/mtzvpp,2,,mixed,4.4359,-731.2775701783119,13,True,717312,1677,448,"MixedPrecision(xc=True, k=False, vv10=False, xc_switch_tol=0.001, k_switch_tol=0.001, vv10_switch_tol=1e-05, ao_cache_fp64=True)",fp64+fp32,"fp32*10,fp64*4",fp64*14,fp64*14,True,5859049472,2929524736,,0,
37540378856-1-d05888b8,speed/lidocaine/r2scan/mtzvpp,2,,stock,7.9696,-731.2775701783132,13,True,717312,1677,448,,,,,,,,,,0,
37540378856-1-d05888b8,speed/lidocaine/r2scan/mtzvpp,3,,mixed,5.5387,-731.2775701783114,13,True,717312,1677,448,"MixedPrecision(xc=True, k=False, vv10=False, xc_switch_tol=0.001, k_switch_tol=0.001, vv10_switch_tol=1e-05, ao_cache_fp64=True)",fp64+fp32,"fp32*10,fp64*4",fp64*14,fp64*14,True,5859311616,2929655808,,0,
37540378856-1-d05888b8,speed/lidocaine/r2scan/mtzvpp,3,,stock,8.4581,-731.2775701783125,13,True,717312,1677,448,,,,,,,,,,0,
37540378856-1-d05888b8,speed/salbutamol/r2scan/mtzvpp,0,,mixed,4.1523,-788.2637200167396,13,True,702208,1661,448,"MixedPrecision(xc=True, k=False, vv10=False, xc_switch_tol=0.001, k_switch_tol=0.001, vv10_switch_tol=1e-05, ao_cache_fp64=True)",fp64+fp32,"fp32*9,fp64*5",fp64*14,fp64*14,True,5539561472,2769780736,,0,
37540378856-1-d05888b8,speed/salbutamol/r2scan/mtzvpp,0,,stock,7.1614,-788.2637200167401,13,True,702208,1661,448,,,,,,,,,,0,
37540378856-1-d05888b8,speed/salbutamol/r2scan/mtzvpp,1,,mixed,4.1478,-788.2637200167396,13,True,702208,1661,448,"MixedPrecision(xc=True, k=False, vv10=False, xc_switch_tol=0.001, k_switch_tol=0.001, vv10_switch_tol=1e-05, ao_cache_fp64=True)",fp64+fp32,"fp32*9,fp64*5",fp64*14,fp64*14,True,5539561472,2769780736,,0,
37540378856-1-d05888b8,speed/salbutamol/r2scan/mtzvpp,1,,stock,7.1172,-788.2637200167403,13,True,702208,1661,448,,,,,,,,,,0,
37540378856-1-d05888b8,speed/salbutamol/r2scan/mtzvpp,2,,mixed,4.213,-788.2637200167399,13,True,702208,1661,448,"MixedPrecision(xc=True, k=False, vv10=False, xc_switch_tol=0.001, k_switch_tol=0.001, vv10_switch_tol=1e-05, ao_cache_fp64=True)",fp64+fp32,"fp32*9,fp64*5",fp64*14,fp64*14,True,5539561472,2769780736,,0,
37540378856-1-d05888b8,speed/salbutamol/r2scan/mtzvpp,2,,stock,7.2708,-788.2637200167399,13,True,702208,1661,448,,,,,,,,,,0,
37540378856-1-d05888b8,speed/salbutamol/r2scan/mtzvpp,3,,mixed,4.2768,-788.2637200167394,13,True,702208,1661,448,"MixedPrecision(xc=True, k=False, vv10=False, xc_switch_tol=0.001, k_switch_tol=0.001, vv10_switch_tol=1e-05, ao_cache_fp64=True)",fp64+fp32,"fp32*9,fp64*5",fp64*14,fp64*14,True,5539561472,2769780736,,0,
37540378856-1-d05888b8,speed/salbutamol/r2scan/mtzvpp,3,,stock,7.058,-788.2637200167394,13,True,702208,1661,448,,,,,,,,,,0,
37540378856-1-d05888b8,speed/phenytoin/r2scan/mtzvpp,0,,mixed,4.8097,-838.6298230520333,14,True,611584,1649,441,"MixedPrecision(xc=True, k=False, vv10=False, xc_switch_tol=0.001, k_switch_tol=0.001, vv10_switch_tol=1e-05, ao_cache_fp64=True)",fp64+fp32,"fp32*10,fp64*5",fp64*15,fp64*15,True,5365792768,2682896384,,0,
37540378856-1-d05888b8,speed/phenytoin/r2scan/mtzvpp,0,,stock,9.1409,-838.6298230520329,14,True,611584,1649,441,,,,,,,,,,0,
37540378856-1-d05888b8,speed/phenytoin/r2scan/mtzvpp,1,,mixed,4.7939,-838.6298230520338,14,True,611584,1649,441,"MixedPrecision(xc=True, k=False, vv10=False, xc_switch_tol=0.001, k_switch_tol=0.001, vv10_switch_tol=1e-05, ao_cache_fp64=True)",fp64+fp32,"fp32*10,fp64*5",fp64*15,fp64*15,True,5365792768,2682896384,,0,
37540378856-1-d05888b8,speed/phenytoin/r2scan/mtzvpp,1,,stock,9.1044,-838.6298230520338,14,True,611584,1649,441,,,,,,,,,,0,
37540378856-1-d05888b8,speed/phenytoin/r2scan/mtzvpp,2,,mixed,5.2841,-838.6298230520342,14,True,611584,1649,441,"MixedPrecision(xc=True, k=False, vv10=False, xc_switch_tol=0.001, k_switch_tol=0.001, vv10_switch_tol=1e-05, ao_cache_fp64=True)",fp64+fp32,"fp32*10,fp64*5",fp64*15,fp64*15,True,5365792768,2682896384,,0,
37540378856-1-d05888b8,speed/phenytoin/r2scan/mtzvpp,2,,stock,9.1258,-838.6298230520329,14,True,611584,1649,441,,,,,,,,,,0,
37540378856-1-d05888b8,speed/phenytoin/r2scan/mtzvpp,3,,mixed,5.0434,-838.6298230520329,14,True,611584,1649,441,"MixedPrecision(xc=True, k=False, vv10=False, xc_switch_tol=0.001, k_switch_tol=0.001, vv10_switch_tol=1e-05, ao_cache_fp64=True)",fp64+fp32,"fp32*10,fp64*5",fp64*15,fp64*15,True,5365792768,2682896384,,0,
37540378856-1-d05888b8,speed/phenytoin/r2scan/mtzvpp,3,,stock,9.1055,-838.6298230520333,14,True,611584,1649,441,,,,,,,,,,0,
37540378856-1-d05888b8,speed/ketoprofen/r2scan/mtzvpp,0,,mixed,4.2927,-843.642633817168,15,True,641792,1683,446,"MixedPrecision(xc=True, k=False, vv10=False, xc_switch_tol=0.001, k_switch_tol=0.001, vv10_switch_tol=1e-05, ao_cache_fp64=True)",fp64+fp32,"fp32*11,fp64*5",fp64*16,fp64*16,True,5125210112,2562605056,,0,
37540378856-1-d05888b8,speed/ketoprofen/r2scan/mtzvpp,0,,stock,7.7526,-843.6426338171666,15,True,641792,1683,446,,,,,,,,,,0,
37540378856-1-d05888b8,speed/ketoprofen/r2scan/mtzvpp,1,,mixed,4.2874,-843.6426338171684,15,True,641792,1683,446,"MixedPrecision(xc=True, k=False, vv10=False, xc_switch_tol=0.001, k_switch_tol=0.001, vv10_switch_tol=1e-05, ao_cache_fp64=True)",fp64+fp32,"fp32*11,fp64*5",fp64*16,fp64*16,True,5126782976,2563391488,,0,
37540378856-1-d05888b8,speed/ketoprofen/r2scan/mtzvpp,1,,stock,7.6131,-843.6426338171666,15,True,641792,1683,446,,,,,,,,,,0,
37540378856-1-d05888b8,speed/ketoprofen/r2scan/mtzvpp,2,,mixed,4.2883,-843.6426338171693,15,True,641792,1683,446,"MixedPrecision(xc=True, k=False, vv10=False, xc_switch_tol=0.001, k_switch_tol=0.001, vv10_switch_tol=1e-05, ao_cache_fp64=True)",fp64+fp32,"fp32*11,fp64*5",fp64*16,fp64*16,True,5125210112,2562605056,,0,
37540378856-1-d05888b8,speed/ketoprofen/r2scan/mtzvpp,2,,stock,7.9995,-843.6426338171666,15,True,641792,1683,446,,,,,,,,,,0,
37540378856-1-d05888b8,speed/ketoprofen/r2scan/mtzvpp,3,,mixed,4.6064,-843.642633817167,15,True,641792,1683,446,"MixedPrecision(xc=True, k=False, vv10=False, xc_switch_tol=0.001, k_switch_tol=0.001, vv10_switch_tol=1e-05, ao_cache_fp64=True)",fp64+fp32,"fp32*11,fp64*5",fp64*16,fp64*16,True,5125210112,2562605056,,0,
37540378856-1-d05888b8,speed/ketoprofen/r2scan/mtzvpp,3,,stock,7.6929,-843.6426338171666,15,True,641792,1683,446,,,,,,,,,,0,
37540378856-1-d05888b8,speed/diphenhydramine/r2scan/mtzvpp,0,,mixed,5.3097,-790.1837092856063,13,True,747520,1807,476,"MixedPrecision(xc=True, k=False, vv10=False, xc_switch_tol=0.001, k_switch_tol=0.001, vv10_switch_tol=1e-05, ao_cache_fp64=True)",fp64+fp32,"fp32*8,fp64*6",fp64*14,fp64*14,True,5999558656,2999779328,,0,
37540378856-1-d05888b8,speed/diphenhydramine/r2scan/mtzvpp,0,,stock,8.1861,-790.1837092856067,13,True,747520,1807,476,,,,,,,,,,0,
37540378856-1-d05888b8,speed/diphenhydramine/r2scan/mtzvpp,1,,mixed,5.2499,-790.1837092856067,13,True,747520,1807,476,"MixedPrecision(xc=True, k=False, vv10=False, xc_switch_tol=0.001, k_switch_tol=0.001, vv10_switch_tol=1e-05, ao_cache_fp64=True)",fp64+fp32,"fp32*8,fp64*6",fp64*14,fp64*14,True,5999427584,2999713792,,0,
37540378856-1-d05888b8,speed/diphenhydramine/r2scan/mtzvpp,1,,stock,9.0877,-790.1837092856063,13,True,747520,1807,476,,,,,,,,,,0,
37540378856-1-d05888b8,speed/diphenhydramine/r2scan/mtzvpp,2,,mixed,5.4058,-790.1837092856072,13,True,747520,1807,476,"MixedPrecision(xc=True, k=False, vv10=False, xc_switch_tol=0.001, k_switch_tol=0.001, vv10_switch_tol=1e-05, ao_cache_fp64=True)",fp64+fp32,"fp32*8,fp64*6",fp64*14,fp64*14,True,5999427584,2999713792,,0,
37540378856-1-d05888b8,speed/diphenhydramine/r2scan/mtzvpp,2,,stock,8.2292,-790.1837092856072,13,True,747520,1807,476,,,,,,,,,,0,
37540378856-1-d05888b8,speed/diphenhydramine/r2scan/mtzvpp,3,,mixed,5.0329,-790.1837092856072,13,True,747520,1807,476,"MixedPrecision(xc=True, k=False, vv10=False, xc_switch_tol=0.001, k_switch_tol=0.001, vv10_switch_tol=1e-05, ao_cache_fp64=True)",fp64+fp32,"fp32*8,fp64*6",fp64*14,fp64*14,True,5999558656,2999779328,,0,
37540378856-1-d05888b8,speed/diphenhydramine/r2scan/mtzvpp,3,,stock,8.1662,-790.1837092856063,13,True,747520,1807,476,,,,,,,,,,0,
37540378856-1-d05888b8,speed/propranolol/r2scan/mtzvpp,0,,mixed,5.1275,-827.3346047560126,13,True,747520,1809,481,"MixedPrecision(xc=True, k=False, vv10=False, xc_switch_tol=0.001, k_switch_tol=0.001, vv10_switch_tol=1e-05, ao_cache_fp64=True)",fp64+fp32,"fp32*8,fp64*6",fp64*14,fp64*14,True,5783289856,2891644928,,0,
37540378856-1-d05888b8,speed/propranolol/r2scan/mtzvpp,0,,stock,8.6153,-827.3346047560126,13,True,747520,1809,481,,,,,,,,,,0,
37540378856-1-d05888b8,speed/propranolol/r2scan/mtzvpp,1,,mixed,5.1538,-827.3346047560121,13,True,747520,1809,481,"MixedPrecision(xc=True, k=False, vv10=False, xc_switch_tol=0.001, k_switch_tol=0.001, vv10_switch_tol=1e-05, ao_cache_fp64=True)",fp64+fp32,"fp32*8,fp64*6",fp64*14,fp64*14,True,5783289856,2891644928,,0,
37540378856-1-d05888b8,speed/propranolol/r2scan/mtzvpp,1,,stock,8.3804,-827.3346047560121,13,True,747520,1809,481,,,,,,,,,,0,
37540378856-1-d05888b8,speed/propranolol/r2scan/mtzvpp,2,,mixed,5.3899,-827.3346047560121,13,True,747520,1809,481,"MixedPrecision(xc=True, k=False, vv10=False, xc_switch_tol=0.001, k_switch_tol=0.001, vv10_switch_tol=1e-05, ao_cache_fp64=True)",fp64+fp32,"fp32*8,fp64*6",fp64*14,fp64*14,True,5783289856,2891644928,,0,
37540378856-1-d05888b8,speed/propranolol/r2scan/mtzvpp,2,,stock,8.5859,-827.3346047560121,13,True,747520,1809,481,,,,,,,,,,0,
37540378856-1-d05888b8,speed/propranolol/r2scan/mtzvpp,3,,mixed,5.1172,-827.334604756013,13,True,747520,1809,481,"MixedPrecision(xc=True, k=False, vv10=False, xc_switch_tol=0.001, k_switch_tol=0.001, vv10_switch_tol=1e-05, ao_cache_fp64=True)",fp64+fp32,"fp32*8,fp64*6",fp64*14,fp64*14,True,5783289856,2891644928,,0,
37540378856-1-d05888b8,speed/propranolol/r2scan/mtzvpp,3,,stock,8.4161,-827.3346047560121,13,True,747520,1809,481,,,,,,,,,,0,
37540378856-1-d05888b8,speed/atenolol/r2scan/mtzvpp,0,,mixed,5.3216,-881.7228799185934,14,True,762624,1831,496,"MixedPrecision(xc=True, k=False, vv10=False, xc_switch_tol=0.001, k_switch_tol=0.001, vv10_switch_tol=1e-05, ao_cache_fp64=True)",fp64+fp32,"fp32*9,fp64*6",fp64*15,fp64*15,True,5696757760,2848378880,,0,
37540378856-1-d05888b8,speed/atenolol/r2scan/mtzvpp,0,,stock,8.759,-881.7228799185948,14,True,762624,1831,496,,,,,,,,,,0,
37540378856-1-d05888b8,speed/atenolol/r2scan/mtzvpp,1,,mixed,5.2017,-881.7228799185939,14,True,762624,1831,496,"MixedPrecision(xc=True, k=False, vv10=False, xc_switch_tol=0.001, k_switch_tol=0.001, vv10_switch_tol=1e-05, ao_cache_fp64=True)",fp64+fp32,"fp32*9,fp64*6",fp64*15,fp64*15,True,5696626688,2848313344,,0,
37540378856-1-d05888b8,speed/atenolol/r2scan/mtzvpp,1,,stock,8.7071,-881.7228799185943,14,True,762624,1831,496,,,,,,,,,,0,
37540378856-1-d05888b8,speed/atenolol/r2scan/mtzvpp,2,,mixed,5.2973,-881.7228799185934,14,True,762624,1831,496,"MixedPrecision(xc=True, k=False, vv10=False, xc_switch_tol=0.001, k_switch_tol=0.001, vv10_switch_tol=1e-05, ao_cache_fp64=True)",fp64+fp32,"fp32*9,fp64*6",fp64*15,fp64*15,True,5696626688,2848313344,,0,
37540378856-1-d05888b8,speed/atenolol/r2scan/mtzvpp,2,,stock,8.6695,-881.7228799185943,14,True,762624,1831,496,,,,,,,,,,0,
37540378856-1-d05888b8,speed/atenolol/r2scan/mtzvpp,3,,mixed,5.297,-881.7228799185943,14,True,762624,1831,496,"MixedPrecision(xc=True, k=False, vv10=False, xc_switch_tol=0.001, k_switch_tol=0.001, vv10_switch_tol=1e-05, ao_cache_fp64=True)",fp64+fp32,"fp32*9,fp64*6",fp64*15,fp64*15,True,5697150976,2848575488,,0,
37540378856-1-d05888b8,speed/atenolol/r2scan/mtzvpp,3,,stock,8.7338,-881.7228799185948,14,True,762624,1831,496,,,,,,,,,,0,
37540378856-1-d05888b8,speed/metoprolol/r2scan/mtzvpp,0,,mixed,4.5903,-866.8283151098826,13,True,807936,1883,506,"MixedPrecision(xc=True, k=False, vv10=False, xc_switch_tol=0.001, k_switch_tol=0.001, vv10_switch_tol=1e-05, ao_cache_fp64=True)",fp64+fp32,"fp32*9,fp64*5",fp64*14,fp64*14,True,6125060096,3062530048,,0,
37540378856-1-d05888b8,speed/metoprolol/r2scan/mtzvpp,0,,stock,7.6727,-866.8283151098831,13,True,807936,1883,506,,,,,,,,,,0,
37540378856-1-d05888b8,speed/metoprolol/r2scan/mtzvpp,1,,mixed,4.5881,-866.8283151098826,13,True,807936,1883,506,"MixedPrecision(xc=True, k=False, vv10=False, xc_switch_tol=0.001, k_switch_tol=0.001, vv10_switch_tol=1e-05, ao_cache_fp64=True)",fp64+fp32,"fp32*9,fp64*5",fp64*14,fp64*14,True,6125060096,3062530048,,0,
37540378856-1-d05888b8,speed/metoprolol/r2scan/mtzvpp,1,,stock,8.1297,-866.8283151098835,13,True,807936,1883,506,,,,,,,,,,0,
37540378856-1-d05888b8,speed/metoprolol/r2scan/mtzvpp,2,,mixed,5.1648,-866.8283151098826,13,True,807936,1883,506,"MixedPrecision(xc=True, k=False, vv10=False, xc_switch_tol=0.001, k_switch_tol=0.001, vv10_switch_tol=1e-05, ao_cache_fp64=True)",fp64+fp32,"fp32*9,fp64*5",fp64*14,fp64*14,True,6124929024,3062464512,,0,
37540378856-1-d05888b8,speed/metoprolol/r2scan/mtzvpp,2,,stock,7.8168,-866.8283151098826,13,True,807936,1883,506,,,,,,,,,,0,
37540378856-1-d05888b8,speed/metoprolol/r2scan/mtzvpp,3,,mixed,4.6572,-866.8283151098826,13,True,807936,1883,506,"MixedPrecision(xc=True, k=False, vv10=False, xc_switch_tol=0.001, k_switch_tol=0.001, vv10_switch_tol=1e-05, ao_cache_fp64=True)",fp64+fp32,"fp32*9,fp64*5",fp64*14,fp64*14,True,6125060096,3062530048,,0,
37540378856-1-d05888b8,speed/metoprolol/r2scan/mtzvpp,3,,stock,7.6581,-866.8283151098831,13,True,807936,1883,506,,,,,,,,,,0,
37540378856-1-d05888b8,speed/trimethoprim/r2scan/mtzvpp,0,,mixed,5.1747,-988.7618383073907,13,True,747520,1913,524,"MixedPrecision(xc=True, k=False, vv10=False, xc_switch_tol=0.001, k_switch_tol=0.001, vv10_switch_tol=1e-05, ao_cache_fp64=True)",fp64+fp32,"fp32*10,fp64*4",fp64*14,fp64*14,True,6629359616,3314679808,,0,
37540378856-1-d05888b8,speed/trimethoprim/r2scan/mtzvpp,0,,stock,9.5293,-988.7618383073925,13,True,747520,1913,524,,,,,,,,,,0,
37540378856-1-d05888b8,speed/trimethoprim/r2scan/mtzvpp,1,,mixed,5.9524,-988.7618383073907,13,True,747520,1913,524,"MixedPrecision(xc=True, k=False, vv10=False, xc_switch_tol=0.001, k_switch_tol=0.001, vv10_switch_tol=1e-05, ao_cache_fp64=True)",fp64+fp32,"fp32*10,fp64*4",fp64*14,fp64*14,True,6629490688,3314745344,,0,
37540378856-1-d05888b8,speed/trimethoprim/r2scan/mtzvpp,1,,stock,10.07,-988.7618383073925,13,True,747520,1913,524,,,,,,,,,,0,
37540378856-1-d05888b8,speed/trimethoprim/r2scan/mtzvpp,2,,mixed,4.7282,-988.7618383073893,13,True,747520,1913,524,"MixedPrecision(xc=True, k=False, vv10=False, xc_switch_tol=0.001, k_switch_tol=0.001, vv10_switch_tol=1e-05, ao_cache_fp64=True)",fp64+fp32,"fp32*10,fp64*4",fp64*14,fp64*14,True,6629490688,3314745344,,0,
37540378856-1-d05888b8,speed/trimethoprim/r2scan/mtzvpp,2,,stock,9.2198,-988.7618383073925,13,True,747520,1913,524,,,,,,,,,,0,
37540378856-1-d05888b8,speed/trimethoprim/r2scan/mtzvpp,3,,mixed,4.7224,-988.7618383073902,13,True,747520,1913,524,"MixedPrecision(xc=True, k=False, vv10=False, xc_switch_tol=0.001, k_switch_tol=0.001, vv10_switch_tol=1e-05, ao_cache_fp64=True)",fp64+fp32,"fp32*10,fp64*4",fp64*14,fp64*14,True,6629359616,3314679808,,0,
37540378856-1-d05888b8,speed/trimethoprim/r2scan/mtzvpp,3,,stock,9.3416,-988.7618383073925,13,True,747520,1913,524,,,,,,,,,,0,
37540378856-1-d05888b8,speed/diclofenac/r2scan/mtzvpp,0,,mixed,5.3961,-1665.532528601661,14,True,620800,1735,447,"MixedPrecision(xc=True, k=False, vv10=False, xc_switch_tol=0.001, k_switch_tol=0.001, vv10_switch_tol=1e-05, ao_cache_fp64=True)",fp64+fp32,"fp32*8,fp64*7",fp64*15,fp64*15,True,5177106432,2588553216,,0,
37540378856-1-d05888b8,speed/diclofenac/r2scan/mtzvpp,0,,stock,8.6973,-1665.5325286016605,14,True,620800,1735,447,,,,,,,,,,0,
37540378856-1-d05888b8,speed/diclofenac/r2scan/mtzvpp,1,,mixed,5.3403,-1665.532528601661,14,True,620800,1735,447,"MixedPrecision(xc=True, k=False, vv10=False, xc_switch_tol=0.001, k_switch_tol=0.001, vv10_switch_tol=1e-05, ao_cache_fp64=True)",fp64+fp32,"fp32*8,fp64*7",fp64*15,fp64*15,True,5177106432,2588553216,,0,
37540378856-1-d05888b8,speed/diclofenac/r2scan/mtzvpp,1,,stock,8.6151,-1665.5325286016596,14,True,620800,1735,447,,,,,,,,,,0,
37540378856-1-d05888b8,speed/diclofenac/r2scan/mtzvpp,2,,mixed,5.3609,-1665.5325286016619,14,True,620800,1735,447,"MixedPrecision(xc=True, k=False, vv10=False, xc_switch_tol=0.001, k_switch_tol=0.001, vv10_switch_tol=1e-05, ao_cache_fp64=True)",fp64+fp32,"fp32*8,fp64*7",fp64*15,fp64*15,True,5177106432,2588553216,,0,
37540378856-1-d05888b8,speed/diclofenac/r2scan/mtzvpp,2,,stock,8.9724,-1665.5325286016619,14,True,620800,1735,447,,,,,,,,,,0,
37540378856-1-d05888b8,speed/diclofenac/r2scan/mtzvpp,3,,mixed,5.7645,-1665.5325286016591,14,True,620800,1735,447,"MixedPrecision(xc=True, k=False, vv10=False, xc_switch_tol=0.001, k_switch_tol=0.001, vv10_switch_tol=1e-05, ao_cache_fp64=True)",fp64+fp32,"fp32*8,fp64*7",fp64*15,fp64*15,True,5177106432,2588553216,,0,
37540378856-1-d05888b8,speed/diclofenac/r2scan/mtzvpp,3,,stock,9.0836,-1665.532528601661,14,True,620800,1735,447,,,,,,,,,,0,
37540378856-1-d05888b8,speed/fluconazole/r2scan/mtzvpp,0,,mixed,5.3212,-1105.7965438780168,13,True,679680,1884,523,"MixedPrecision(xc=True, k=False, vv10=False, xc_switch_tol=0.001, k_switch_tol=0.001, vv10_switch_tol=1e-05, ao_cache_fp64=True)",fp64+fp32,"fp32*9,fp64*5",fp64*14,fp64*14,True,6602981376,3301490688,,0,
37540378856-1-d05888b8,speed/fluconazole/r2scan/mtzvpp,0,,stock,9.3446,-1105.79654387802,13,True,679680,1884,523,,,,,,,,,,0,
37540378856-1-d05888b8,speed/fluconazole/r2scan/mtzvpp,1,,mixed,5.0924,-1105.7965438780168,13,True,679680,1884,523,"MixedPrecision(xc=True, k=False, vv10=False, xc_switch_tol=0.001, k_switch_tol=0.001, vv10_switch_tol=1e-05, ao_cache_fp64=True)",fp64+fp32,"fp32*9,fp64*5",fp64*14,fp64*14,True,6602981376,3301490688,,0,
37540378856-1-d05888b8,speed/fluconazole/r2scan/mtzvpp,1,,stock,9.3484,-1105.7965438780172,13,True,679680,1884,523,,,,,,,,,,0,
37540378856-1-d05888b8,speed/fluconazole/r2scan/mtzvpp,2,,mixed,5.1869,-1105.7965438780168,13,True,679680,1884,523,"MixedPrecision(xc=True, k=False, vv10=False, xc_switch_tol=0.001, k_switch_tol=0.001, vv10_switch_tol=1e-05, ao_cache_fp64=True)",fp64+fp32,"fp32*9,fp64*5",fp64*14,fp64*14,True,6602981376,3301490688,,0,
37540378856-1-d05888b8,speed/fluconazole/r2scan/mtzvpp,2,,stock,9.3105,-1105.7965438780177,13,True,679680,1884,523,,,,,,,,,,0,
37540378856-1-d05888b8,speed/fluconazole/r2scan/mtzvpp,3,,mixed,5.0836,-1105.7965438780159,13,True,679680,1884,523,"MixedPrecision(xc=True, k=False, vv10=False, xc_switch_tol=0.001, k_switch_tol=0.001, vv10_switch_tol=1e-05, ao_cache_fp64=True)",fp64+fp32,"fp32*9,fp64*5",fp64*14,fp64*14,True,6602981376,3301490688,,0,
37540378856-1-d05888b8,speed/fluconazole/r2scan/mtzvpp,3,,stock,9.2877,-1105.7965438780177,13,True,679680,1884,523,,,,,,,,,,0,
37540378856-1-d05888b8,speed/warfarin/r2scan/mtzvpp,0,,mixed,6.0671,-1034.3422719185824,15,True,762624,2021,537,"MixedPrecision(xc=True, k=False, vv10=False, xc_switch_tol=0.001, k_switch_tol=0.001, vv10_switch_tol=1e-05, ao_cache_fp64=True)",fp64+fp32,"fp32*11,fp64*5",fp64*16,fp64*16,True,7095951360,3547975680,,0,
37540378856-1-d05888b8,speed/warfarin/r2scan/mtzvpp,0,,stock,11.755,-1034.3422719185833,15,True,762624,2021,537,,,,,,,,,,0,
37540378856-1-d05888b8,speed/warfarin/r2scan/mtzvpp,1,,mixed,6.1722,-1034.3422719185814,15,True,762624,2021,537,"MixedPrecision(xc=True, k=False, vv10=False, xc_switch_tol=0.001, k_switch_tol=0.001, vv10_switch_tol=1e-05, ao_cache_fp64=True)",fp64+fp32,"fp32*11,fp64*5",fp64*16,fp64*16,True,7095951360,3547975680,,0,
37540378856-1-d05888b8,speed/warfarin/r2scan/mtzvpp,1,,stock,11.8873,-1034.3422719185828,15,True,762624,2021,537,,,,,,,,,,0,
37540378856-1-d05888b8,speed/warfarin/r2scan/mtzvpp,2,,mixed,6.1668,-1034.342271918582,15,True,762624,2021,537,"MixedPrecision(xc=True, k=False, vv10=False, xc_switch_tol=0.001, k_switch_tol=0.001, vv10_switch_tol=1e-05, ao_cache_fp64=True)",fp64+fp32,"fp32*11,fp64*5",fp64*16,fp64*16,True,7095951360,3547975680,,0,
37540378856-1-d05888b8,speed/warfarin/r2scan/mtzvpp,2,,stock,11.8505,-1034.3422719185837,15,True,762624,2021,537,,,,,,,,,,0,
37540378856-1-d05888b8,speed/warfarin/r2scan/mtzvpp,3,,mixed,6.069,-1034.342271918582,15,True,762624,2021,537,"MixedPrecision(xc=True, k=False, vv10=False, xc_switch_tol=0.001, k_switch_tol=0.001, vv10_switch_tol=1e-05, ao_cache_fp64=True)",fp64+fp32,"fp32*11,fp64*5",fp64*16,fp64*16,True,7095951360,3547975680,,0,
37540378856-1-d05888b8,speed/warfarin/r2scan/mtzvpp,3,,stock,11.9475,-1034.3422719185837,15,True,762624,2021,537,,,,,,,,,,0,
37540378856-1-d05888b8,speed/omeprazole/r2scan/mtzvpp,0,,mixed,6.8842,-1447.0603350339707,15,True,842752,2207,589,"MixedPrecision(xc=True, k=False, vv10=False, xc_switch_tol=0.001, k_switch_tol=0.001, vv10_switch_tol=1e-05, ao_cache_fp64=True)",fp64+fp32,"fp32*11,fp64*5",fp64*16,fp64*16,True,7309295616,3654647808,,0,
37540378856-1-d05888b8,speed/omeprazole/r2scan/mtzvpp,0,,stock,12.9405,-1447.060335033973,15,True,842752,2207,589,,,,,,,,,,0,
37540378856-1-d05888b8,speed/omeprazole/r2scan/mtzvpp,1,,mixed,6.8616,-1447.0603350339684,15,True,842752,2207,589,"MixedPrecision(xc=True, k=False, vv10=False, xc_switch_tol=0.001, k_switch_tol=0.001, vv10_switch_tol=1e-05, ao_cache_fp64=True)",fp64+fp32,"fp32*11,fp64*5",fp64*16,fp64*16,True,7309295616,3654647808,,0,
37540378856-1-d05888b8,speed/omeprazole/r2scan/mtzvpp,1,,stock,13.0411,-1447.0603350339734,15,True,842752,2207,589,,,,,,,,,,0,
37540378856-1-d05888b8,speed/omeprazole/r2scan/mtzvpp,2,,mixed,6.7225,-1447.0603350339693,15,True,842752,2207,589,"MixedPrecision(xc=True, k=False, vv10=False, xc_switch_tol=0.001, k_switch_tol=0.001, vv10_switch_tol=1e-05, ao_cache_fp64=True)",fp64+fp32,"fp32*11,fp64*5",fp64*16,fp64*16,True,7309295616,3654647808,,0,
37540378856-1-d05888b8,speed/omeprazole/r2scan/mtzvpp,2,,stock,13.1048,-1447.0603350339725,15,True,842752,2207,589,,,,,,,,,,0,
37540378856-1-d05888b8,speed/omeprazole/r2scan/mtzvpp,3,,mixed,6.6848,-1447.0603350339707,15,True,842752,2207,589,"MixedPrecision(xc=True, k=False, vv10=False, xc_switch_tol=0.001, k_switch_tol=0.001, vv10_switch_tol=1e-05, ao_cache_fp64=True)",fp64+fp32,"fp32*11,fp64*5",fp64*16,fp64*16,True,7309295616,3654647808,,0,
37540378856-1-d05888b8,speed/omeprazole/r2scan/mtzvpp,3,,stock,13.7087,-1447.060335033973,15,True,842752,2207,589,,,,,,,,,,0,
37540378856-1-d05888b8,speed/celecoxib/r2scan/mtzvpp,0,,mixed,7.2117,-1668.3950499430707,14,True,812544,2271,612,"MixedPrecision(xc=True, k=False, vv10=False, xc_switch_tol=0.001, k_switch_tol=0.001, vv10_switch_tol=1e-05, ao_cache_fp64=True)",fp64+fp32,"fp32*9,fp64*6",fp64*15,fp64*15,True,7357726720,3678863360,,0,
37540378856-1-d05888b8,speed/celecoxib/r2scan/mtzvpp,0,,stock,12.5916,-1668.395049943072,14,True,812544,2271,612,,,,,,,,,,0,
37540378856-1-d05888b8,speed/celecoxib/r2scan/mtzvpp,1,,mixed,7.2892,-1668.3950499430707,14,True,812544,2271,612,"MixedPrecision(xc=True, k=False, vv10=False, xc_switch_tol=0.001, k_switch_tol=0.001, vv10_switch_tol=1e-05, ao_cache_fp64=True)",fp64+fp32,"fp32*9,fp64*6",fp64*15,fp64*15,True,7357595648,3678797824,,0,
37540378856-1-d05888b8,speed/celecoxib/r2scan/mtzvpp,1,,stock,13.053,-1668.395049943072,14,True,812544,2271,612,,,,,,,,,,0,
37540378856-1-d05888b8,speed/celecoxib/r2scan/mtzvpp,2,,mixed,7.3118,-1668.395049943072,14,True,812544,2271,612,"MixedPrecision(xc=True, k=False, vv10=False, xc_switch_tol=0.001, k_switch_tol=0.001, vv10_switch_tol=1e-05, ao_cache_fp64=True)",fp64+fp32,"fp32*9,fp64*6",fp64*15,fp64*15,True,7357595648,3678797824,,0,
37540378856-1-d05888b8,speed/celecoxib/r2scan/mtzvpp,2,,stock,12.4887,-1668.3950499430707,14,True,812544,2271,612,,,,,,,,,,0,
37540378856-1-d05888b8,speed/celecoxib/r2scan/mtzvpp,3,,mixed,7.306,-1668.3950499430703,14,True,812544,2271,612,"MixedPrecision(xc=True, k=False, vv10=False, xc_switch_tol=0.001, k_switch_tol=0.001, vv10_switch_tol=1e-05, ao_cache_fp64=True)",fp64+fp32,"fp32*9,fp64*6",fp64*15,fp64*15,True,7357857792,3678928896,,0,
37540378856-1-d05888b8,speed/celecoxib/r2scan/mtzvpp,3,,stock,12.5933,-1668.3950499430716,14,True,812544,2271,612,,,,,,,,,,0,
37540378856-1-d05888b8,speed/metformin/b3lyp/mtzvpp,0,,mixed,1.3102,-432.940763057752,11,True,370176,883,251,"MixedPrecision(xc=True, k=True, vv10=False, xc_switch_tol=0.0003, k_switch_tol=0.001, vv10_switch_tol=1e-05, ao_cache_fp64=True)",fp64+fp32,"fp32*9,fp64*3","fp32*8,fp64*4",fp64*12,True,2213838848,1106919424,cupy.ndarray,207886456,
37540378856-1-d05888b8,speed/metformin/b3lyp/mtzvpp,0,,stock,1.782,-432.9407630577518,11,True,370176,883,251,,,,,,,,,cupy.ndarray,207886456,
37540378856-1-d05888b8,speed/metformin/b3lyp/mtzvpp,1,,mixed,0.7877,-432.9407630577521,11,True,370176,883,251,"MixedPrecision(xc=True, k=True, vv10=False, xc_switch_tol=0.0003, k_switch_tol=0.001, vv10_switch_tol=1e-05, ao_cache_fp64=True)",fp64+fp32,"fp32*9,fp64*3","fp32*8,fp64*4",fp64*12,True,2213838848,1106919424,cupy.ndarray,207886456,
37540378856-1-d05888b8,speed/metformin/b3lyp/mtzvpp,1,,stock,1.7052,-432.940763057752,11,True,370176,883,251,,,,,,,,,cupy.ndarray,207886456,
37540378856-1-d05888b8,speed/metformin/b3lyp/mtzvpp,2,,mixed,0.9912,-432.940763057752,11,True,370176,883,251,"MixedPrecision(xc=True, k=True, vv10=False, xc_switch_tol=0.0003, k_switch_tol=0.001, vv10_switch_tol=1e-05, ao_cache_fp64=True)",fp64+fp32,"fp32*9,fp64*3","fp32*8,fp64*4",fp64*12,True,2213838848,1106919424,cupy.ndarray,207886456,
37540378856-1-d05888b8,speed/metformin/b3lyp/mtzvpp,2,,stock,1.6762,-432.940763057752,11,True,370176,883,251,,,,,,,,,cupy.ndarray,207886456,
37540378856-1-d05888b8,speed/metformin/b3lyp/mtzvpp,3,,mixed,0.7414,-432.940763057752,11,True,370176,883,251,"MixedPrecision(xc=True, k=True, vv10=False, xc_switch_tol=0.0003, k_switch_tol=0.001, vv10_switch_tol=1e-05, ao_cache_fp64=True)",fp64+fp32,"fp32*9,fp64*3","fp32*8,fp64*4",fp64*12,True,2213838848,1106919424,cupy.ndarray,207886456,
37540378856-1-d05888b8,speed/metformin/b3lyp/mtzvpp,3,,stock,1.5778,-432.940763057752,11,True,370176,883,251,,,,,,,,,cupy.ndarray,207886456,
37540378856-1-d05888b8,speed/paracetamol/b3lyp/mtzvpp,0,,mixed,0.8916,-515.6676423604509,12,True,385280,993,269,"MixedPrecision(xc=True, k=True, vv10=False, xc_switch_tol=0.0003, k_switch_tol=0.001, vv10_switch_tol=1e-05, ao_cache_fp64=True)",fp64+fp32,"fp32*10,fp64*3","fp32*8,fp64*5",fp64*13,True,2242281472,1121140736,cupy.ndarray,256368768,
37540378856-1-d05888b8,speed/paracetamol/b3lyp/mtzvpp,0,,stock,1.7246,-515.6676423604512,12,True,385280,993,269,,,,,,,,,cupy.ndarray,256368768,
37540378856-1-d05888b8,speed/paracetamol/b3lyp/mtzvpp,1,,mixed,0.9351,-515.6676423604507,12,True,385280,993,269,"MixedPrecision(xc=True, k=True, vv10=False, xc_switch_tol=0.0003, k_switch_tol=0.001, vv10_switch_tol=1e-05, ao_cache_fp64=True)",fp64+fp32,"fp32*10,fp64*3","fp32*8,fp64*5",fp64*13,True,2242281472,1121140736,cupy.ndarray,256368768,
37540378856-1-d05888b8,speed/paracetamol/b3lyp/mtzvpp,1,,stock,1.7249,-515.6676423604512,12,True,385280,993,269,,,,,,,,,cupy.ndarray,256368768,
37540378856-1-d05888b8,speed/paracetamol/b3lyp/mtzvpp,2,,mixed,0.9439,-515.6676423604503,12,True,385280,993,269,"MixedPrecision(xc=True, k=True, vv10=False, xc_switch_tol=0.0003, k_switch_tol=0.001, vv10_switch_tol=1e-05, ao_cache_fp64=True)",fp64+fp32,"fp32*10,fp64*3","fp32*8,fp64*5",fp64*13,True,2242281472,1121140736,cupy.ndarray,256368768,
37540378856-1-d05888b8,speed/paracetamol/b3lyp/mtzvpp,2,,stock,1.8062,-515.6676423604512,12,True,385280,993,269,,,,,,,,,cupy.ndarray,256368768,
37540378856-1-d05888b8,speed/paracetamol/b3lyp/mtzvpp,3,,mixed,1.0057,-515.6676423604509,12,True,385280,993,269,"MixedPrecision(xc=True, k=True, vv10=False, xc_switch_tol=0.0003, k_switch_tol=0.001, vv10_switch_tol=1e-05, ao_cache_fp64=True)",fp64+fp32,"fp32*10,fp64*3","fp32*8,fp64*5",fp64*13,True,2242281472,1121140736,cupy.ndarray,256368768,
37540378856-1-d05888b8,speed/paracetamol/b3lyp/mtzvpp,3,,stock,1.7334,-515.6676423604509,12,True,385280,993,269,,,,,,,,,cupy.ndarray,256368768,
37540378856-1-d05888b8,speed/nicotine/b3lyp/mtzvpp,0,,mixed,1.2897,-499.1298506823557,11,True,483328,1156,308,"MixedPrecision(xc=True, k=True, vv10=False, xc_switch_tol=0.0003, k_switch_tol=0.001, vv10_switch_tol=1e-05, ao_cache_fp64=True)",fp64+fp32,"fp32*8,fp64*4","fp32*8,fp64*4",fp64*12,True,3389128704,1694564352,cupy.ndarray,399439616,
37540378856-1-d05888b8,speed/nicotine/b3lyp/mtzvpp,0,,stock,2.3053,-499.1298506823566,11,True,483328,1156,308,,,,,,,,,cupy.ndarray,399439616,
37540378856-1-d05888b8,speed/nicotine/b3lyp/mtzvpp,1,,mixed,1.2386,-499.1298506823557,11,True,483328,1156,308,"MixedPrecision(xc=True, k=True, vv10=False, xc_switch_tol=0.0003, k_switch_tol=0.001, vv10_switch_tol=1e-05, ao_cache_fp64=True)",fp64+fp32,"fp32*8,fp64*4","fp32*8,fp64*4",fp64*12,True,3389128704,1694564352,cupy.ndarray,399439616,
37540378856-1-d05888b8,speed/nicotine/b3lyp/mtzvpp,1,,stock,2.2671,-499.12985068235616,11,True,483328,1156,308,,,,,,,,,cupy.ndarray,399439616,
37540378856-1-d05888b8,speed/nicotine/b3lyp/mtzvpp,2,,mixed,1.5232,-499.1298506823557,11,True,483328,1156,308,"MixedPrecision(xc=True, k=True, vv10=False, xc_switch_tol=0.0003, k_switch_tol=0.001, vv10_switch_tol=1e-05, ao_cache_fp64=True)",fp64+fp32,"fp32*8,fp64*4","fp32*8,fp64*4",fp64*12,True,3389128704,1694564352,cupy.ndarray,399439616,
37540378856-1-d05888b8,speed/nicotine/b3lyp/mtzvpp,2,,stock,2.2656,-499.1298506823566,11,True,483328,1156,308,,,,,,,,,cupy.ndarray,399439616,
37540378856-1-d05888b8,speed/nicotine/b3lyp/mtzvpp,3,,mixed,1.233,-499.12985068235616,11,True,483328,1156,308,"MixedPrecision(xc=True, k=True, vv10=False, xc_switch_tol=0.0003, k_switch_tol=0.001, vv10_switch_tol=1e-05, ao_cache_fp64=True)",fp64+fp32,"fp32*8,fp64*4","fp32*8,fp64*4",fp64*12,True,3389128704,1694564352,cupy.ndarray,399439616,
37540378856-1-d05888b8,speed/nicotine/b3lyp/mtzvpp,3,,stock,2.3775,-499.12985068235616,11,True,483328,1156,308,,,,,,,,,cupy.ndarray,399439616,
37540378856-1-d05888b8,speed/gabapentin/b3lyp/mtzvpp,0,,mixed,1.2901,-558.6027472174088,11,True,528640,1212,328,"MixedPrecision(xc=True, k=True, vv10=False, xc_switch_tol=0.0003, k_switch_tol=0.001, vv10_switch_tol=1e-05, ao_cache_fp64=True)",fp64+fp32,"fp32*9,fp64*3","fp32*9,fp64*3",fp64*12,True,3991240704,1995620352,cupy.ndarray,479728992,
37540378856-1-d05888b8,speed/gabapentin/b3lyp/mtzvpp,0,,stock,2.3318,-558.6027472174113,11,True,528640,1212,328,,,,,,,,,cupy.ndarray,479728992,
37540378856-1-d05888b8,speed/gabapentin/b3lyp/mtzvpp,1,,mixed,1.4818,-558.6027472174084,11,True,528640,1212,328,"MixedPrecision(xc=True, k=True, vv10=False, xc_switch_tol=0.0003, k_switch_tol=0.001, vv10_switch_tol=1e-05, ao_cache_fp64=True)",fp64+fp32,"fp32*9,fp64*3","fp32*9,fp64*3",fp64*12,True,3991240704,1995620352,cupy.ndarray,479728992,
37540378856-1-d05888b8,speed/gabapentin/b3lyp/mtzvpp,1,,stock,2.5164,-558.6027472174115,11,True,528640,1212,328,,,,,,,,,cupy.ndarray,479728992,
37540378856-1-d05888b8,speed/gabapentin/b3lyp/mtzvpp,2,,mixed,1.9961,-558.6027472174088,11,True,528640,1212,328,"MixedPrecision(xc=True, k=True, vv10=False, xc_switch_tol=0.0003, k_switch_tol=0.001, vv10_switch_tol=1e-05, ao_cache_fp64=True)",fp64+fp32,"fp32*9,fp64*3","fp32*9,fp64*3",fp64*12,True,3991240704,1995620352,cupy.ndarray,479728992,
37540378856-1-d05888b8,speed/gabapentin/b3lyp/mtzvpp,2,,stock,2.4825,-558.602747217412,11,True,528640,1212,328,,,,,,,,,cupy.ndarray,479728992,
37540378856-1-d05888b8,speed/gabapentin/b3lyp/mtzvpp,3,,mixed,2.216,-558.6027472174088,11,True,528640,1212,328,"MixedPrecision(xc=True, k=True, vv10=False, xc_switch_tol=0.0003, k_switch_tol=0.001, vv10_switch_tol=1e-05, ao_cache_fp64=True)",fp64+fp32,"fp32*9,fp64*3","fp32*9,fp64*3",fp64*12,True,3991240704,1995620352,cupy.ndarray,479728992,
37540378856-1-d05888b8,speed/gabapentin/b3lyp/mtzvpp,3,,stock,3.7605,-558.6027472174115,11,True,528640,1212,328,,,,,,,,,cupy.ndarray,479728992,
37540378856-1-d05888b8,speed/aspirin/b3lyp/mtzvpp,0,,mixed,1.0575,-648.9276799957623,13,True,415488,1127,307,"MixedPrecision(xc=True, k=True, vv10=False, xc_switch_tol=0.0003, k_switch_tol=0.001, vv10_switch_tol=1e-05, ao_cache_fp64=True)",fp64+fp32,"fp32*11,fp64*3","fp32*9,fp64*5",fp64*14,True,2842025984,1421012992,cupy.ndarray,385713496,
37540378856-1-d05888b8,speed/aspirin/b3lyp/mtzvpp,0,,stock,2.6636,-648.9276799957637,13,True,415488,1127,307,,,,,,,,,cupy.ndarray,385713496,
37540378856-1-d05888b8,speed/aspirin/b3lyp/mtzvpp,1,,mixed,1.0611,-648.9276799957628,13,True,415488,1127,307,"MixedPrecision(xc=True, k=True, vv10=False, xc_switch_tol=0.0003, k_switch_tol=0.001, vv10_switch_tol=1e-05, ao_cache_fp64=True)",fp64+fp32,"fp32*11,fp64*3","fp32*9,fp64*5",fp64*14,True,2842157056,1421078528,cupy.ndarray,385713496,
37540378856-1-d05888b8,speed/aspirin/b3lyp/mtzvpp,1,,stock,2.1948,-648.9276799957642,13,True,415488,1127,307,,,,,,,,,cupy.ndarray,385713496,
37540378856-1-d05888b8,speed/aspirin/b3lyp/mtzvpp,2,,mixed,1.0727,-648.9276799957628,13,True,415488,1127,307,"MixedPrecision(xc=True, k=True, vv10=False, xc_switch_tol=0.0003, k_switch_tol=0.001, vv10_switch_tol=1e-05, ao_cache_fp64=True)",fp64+fp32,"fp32*11,fp64*3","fp32*9,fp64*5",fp64*14,True,2842157056,1421078528,cupy.ndarray,385713496,
37540378856-1-d05888b8,speed/aspirin/b3lyp/mtzvpp,2,,stock,2.0471,-648.9276799957642,13,True,415488,1127,307,,,,,,,,,cupy.ndarray,385713496,
37540378856-1-d05888b8,speed/aspirin/b3lyp/mtzvpp,3,,mixed,1.0503,-648.9276799957623,13,True,415488,1127,307,"MixedPrecision(xc=True, k=True, vv10=False, xc_switch_tol=0.0003, k_switch_tol=0.001, vv10_switch_tol=1e-05, ao_cache_fp64=True)",fp64+fp32,"fp32*11,fp64*3","fp32*9,fp64*5",fp64*14,True,2842025984,1421012992,cupy.ndarray,385713496,
37540378856-1-d05888b8,speed/aspirin/b3lyp/mtzvpp,3,,stock,2.0051,-648.9276799957639,13,True,415488,1127,307,,,,,,,,,cupy.ndarray,385713496,
37540378856-1-d05888b8,speed/theophylline/b3lyp/mtzvpp,0,,mixed,1.1761,-641.279632039897,13,True,415488,1131,317,"MixedPrecision(xc=True, k=True, vv10=False, xc_switch_tol=0.0003, k_switch_tol=0.001, vv10_switch_tol=1e-05, ao_cache_fp64=True)",fp64+fp32,"fp32*10,fp64*4","fp32*10,fp64*4",fp64*14,True,2983403520,1491701760,cupy.ndarray,420370080,
37540378856-1-d05888b8,speed/theophylline/b3lyp/mtzvpp,0,,stock,2.2567,-641.2796320399032,13,True,415488,1131,317,,,,,,,,,cupy.ndarray,420370080,
37540378856-1-d05888b8,speed/theophylline/b3lyp/mtzvpp,1,,mixed,1.1761,-641.2796320398963,13,True,415488,1131,317,"MixedPrecision(xc=True, k=True, vv10=False, xc_switch_tol=0.0003, k_switch_tol=0.001, vv10_switch_tol=1e-05, ao_cache_fp64=True)",fp64+fp32,"fp32*10,fp64*4","fp32*10,fp64*4",fp64*14,True,2983403520,1491701760,cupy.ndarray,420370080,
37540378856-1-d05888b8,speed/theophylline/b3lyp/mtzvpp,1,,stock,2.2899,-641.2796320399032,13,True,415488,1131,317,,,,,,,,,cupy.ndarray,420370080,
37540378856-1-d05888b8,speed/theophylline/b3lyp/mtzvpp,2,,mixed,1.1803,-641.279632039897,13,True,415488,1131,317,"MixedPrecision(xc=True, k=True, vv10=False, xc_switch_tol=0.0003, k_switch_tol=0.001, vv10_switch_tol=1e-05, ao_cache_fp64=True)",fp64+fp32,"fp32*10,fp64*4","fp32*10,fp64*4",fp64*14,True,2983403520,1491701760,cupy.ndarray,420370080,
37540378856-1-d05888b8,speed/theophylline/b3lyp/mtzvpp,2,,stock,2.1763,-641.2796320399036,13,True,415488,1131,317,,,,,,,,,cupy.ndarray,420370080,
37540378856-1-d05888b8,speed/theophylline/b3lyp/mtzvpp,3,,mixed,1.1736,-641.279632039897,13,True,415488,1131,317,"MixedPrecision(xc=True, k=True, vv10=False, xc_switch_tol=0.0003, k_switch_tol=0.001, vv10_switch_tol=1e-05, ao_cache_fp64=True)",fp64+fp32,"fp32*10,fp64*4","fp32*10,fp64*4",fp64*14,True,2983403520,1491701760,cupy.ndarray,420370080,
37540378856-1-d05888b8,speed/theophylline/b3lyp/mtzvpp,3,,stock,2.4543,-641.2796320399034,13,True,415488,1131,317,,,,,,,,,cupy.ndarray,420370080,
37540378856-1-d05888b8,speed/caffeine/b3lyp/mtzvpp,0,,mixed,1.6955,-680.6007798609287,13,True,468224,1242,346,"MixedPrecision(xc=True, k=True, vv10=False, xc_switch_tol=0.0003, k_switch_tol=0.001, vv10_switch_tol=1e-05, ao_cache_fp64=True)",fp64+fp32,"fp32*10,fp64*4","fp32*10,fp64*4",fp64*14,True,3506569216,1753284608,cupy.ndarray,538769664,
37540378856-1-d05888b8,speed/caffeine/b3lyp/mtzvpp,0,,stock,2.5521,-680.6007798609319,13,True,468224,1242,346,,,,,,,,,cupy.ndarray,538769664,
37540378856-1-d05888b8,speed/caffeine/b3lyp/mtzvpp,1,,mixed,1.5699,-680.6007798609282,13,True,468224,1242,346,"MixedPrecision(xc=True, k=True, vv10=False, xc_switch_tol=0.0003, k_switch_tol=0.001, vv10_switch_tol=1e-05, ao_cache_fp64=True)",fp64+fp32,"fp32*10,fp64*4","fp32*10,fp64*4",fp64*14,True,3506438144,1753219072,cupy.ndarray,538769664,
37540378856-1-d05888b8,speed/caffeine/b3lyp/mtzvpp,1,,stock,2.5712,-680.6007798609319,13,True,468224,1242,346,,,,,,,,,cupy.ndarray,538769664,
37540378856-1-d05888b8,speed/caffeine/b3lyp/mtzvpp,2,,mixed,1.3831,-680.6007798609294,13,True,468224,1242,346,"MixedPrecision(xc=True, k=True, vv10=False, xc_switch_tol=0.0003, k_switch_tol=0.001, vv10_switch_tol=1e-05, ao_cache_fp64=True)",fp64+fp32,"fp32*10,fp64*4","fp32*10,fp64*4",fp64*14,True,3506438144,1753219072,cupy.ndarray,538769664,
37540378856-1-d05888b8,speed/caffeine/b3lyp/mtzvpp,2,,stock,2.9322,-680.6007798609321,13,True,468224,1242,346,,,,,,,,,cupy.ndarray,538769664,
37540378856-1-d05888b8,speed/caffeine/b3lyp/mtzvpp,3,,mixed,1.5036,-680.6007798609294,13,True,468224,1242,346,"MixedPrecision(xc=True, k=True, vv10=False, xc_switch_tol=0.0003, k_switch_tol=0.001, vv10_switch_tol=1e-05, ao_cache_fp64=True)",fp64+fp32,"fp32*10,fp64*4","fp32*10,fp64*4",fp64*14,True,3506569216,1753284608,cupy.ndarray,538769664,
37540378856-1-d05888b8,speed/caffeine/b3lyp/mtzvpp,3,,stock,2.7771,-680.6007798609317,13,True,468224,1242,346,,,,,,,,,cupy.ndarray,538769664,
37540378856-1-d05888b8,speed/levodopa/b3lyp/mtzvpp,0,,mixed,1.5988,-705.495330053683,13,True,483328,1258,346,"MixedPrecision(xc=True, k=True, vv10=False, xc_switch_tol=0.0003, k_switch_tol=0.001, vv10_switch_tol=1e-05, ao_cache_fp64=True)",fp64+fp32,"fp32*10,fp64*4","fp32*9,fp64*5",fp64*14,True,3390308352,1695154176,cupy.ndarray,509510128,
37540378856-1-d05888b8,speed/levodopa/b3lyp/mtzvpp,0,,stock,3.2264,-705.4953300536857,13,True,483328,1258,346,,,,,,,,,cupy.ndarray,509510128,
37540378856-1-d05888b8,speed/levodopa/b3lyp/mtzvpp,1,,mixed,1.9037,-705.4953300536832,13,True,483328,1258,346,"MixedPrecision(xc=True, k=True, vv10=False, xc_switch_tol=0.0003, k_switch_tol=0.001, vv10_switch_tol=1e-05, ao_cache_fp64=True)",fp64+fp32,"fp32*10,fp64*4","fp32*9,fp64*5",fp64*14,True,3390308352,1695154176,cupy.ndarray,509510128,
37540378856-1-d05888b8,speed/levodopa/b3lyp/mtzvpp,1,,stock,3.1534,-705.4953300536864,13,True,483328,1258,346,,,,,,,,,cupy.ndarray,509510128,
37540378856-1-d05888b8,speed/levodopa/b3lyp/mtzvpp,2,,mixed,1.6995,-705.4953300536832,13,True,483328,1258,346,"MixedPrecision(xc=True, k=True, vv10=False, xc_switch_tol=0.0003, k_switch_tol=0.001, vv10_switch_tol=1e-05, ao_cache_fp64=True)",fp64+fp32,"fp32*10,fp64*4","fp32*9,fp64*5",fp64*14,True,3390308352,1695154176,cupy.ndarray,509510128,
37540378856-1-d05888b8,speed/levodopa/b3lyp/mtzvpp,2,,stock,3.2564,-705.4953300536862,13,True,483328,1258,346,,,,,,,,,cupy.ndarray,509510128,
37540378856-1-d05888b8,speed/levodopa/b3lyp/mtzvpp,3,,mixed,1.456,-705.4953300536832,13,True,483328,1258,346,"MixedPrecision(xc=True, k=True, vv10=False, xc_switch_tol=0.0003, k_switch_tol=0.001, vv10_switch_tol=1e-05, ao_cache_fp64=True)",fp64+fp32,"fp32*10,fp64*4","fp32*9,fp64*5",fp64*14,True,3390308352,1695154176,cupy.ndarray,509510128,
37540378856-1-d05888b8,speed/levodopa/b3lyp/mtzvpp,3,,stock,2.7832,-705.4953300536857,13,True,483328,1258,346,,,,,,,,,cupy.ndarray,509510128,
37540378856-1-d05888b8,speed/ibuprofen/b3lyp/mtzvpp,0,,mixed,2.0113,-656.9290413153151,13,True,611584,1453,385,"MixedPrecision(xc=True, k=True, vv10=False, xc_switch_tol=0.0003, k_switch_tol=0.001, vv10_switch_tol=1e-05, ao_cache_fp64=True)",fp64+fp32,"fp32*9,fp64*5","fp32*8,fp64*6",fp64*14,True,4386955264,2193477632,cupy.ndarray,690058760,
37540378856-1-d05888b8,speed/ibuprofen/b3lyp/mtzvpp,0,,stock,3.9009,-656.9290413153144,13,True,611584,1453,385,,,,,,,,,cupy.ndarray,690058760,
37540378856-1-d05888b8,speed/ibuprofen/b3lyp/mtzvpp,1,,mixed,1.9889,-656.9290413153149,13,True,611584,1453,385,"MixedPrecision(xc=True, k=True, vv10=False, xc_switch_tol=0.0003, k_switch_tol=0.001, vv10_switch_tol=1e-05, ao_cache_fp64=True)",fp64+fp32,"fp32*9,fp64*5","fp32*8,fp64*6",fp64*14,True,4386955264,2193477632,cupy.ndarray,690058760,
37540378856-1-d05888b8,speed/ibuprofen/b3lyp/mtzvpp,1,,stock,3.5893,-656.9290413153142,13,True,611584,1453,385,,,,,,,,,cupy.ndarray,690058760,
37540378856-1-d05888b8,speed/ibuprofen/b3lyp/mtzvpp,2,,mixed,2.0033,-656.9290413153146,13,True,611584,1453,385,"MixedPrecision(xc=True, k=True, vv10=False, xc_switch_tol=0.0003, k_switch_tol=0.001, vv10_switch_tol=1e-05, ao_cache_fp64=True)",fp64+fp32,"fp32*9,fp64*5","fp32*8,fp64*6",fp64*14,True,4386955264,2193477632,cupy.ndarray,690058760,
37540378856-1-d05888b8,speed/ibuprofen/b3lyp/mtzvpp,2,,stock,3.7061,-656.9290413153151,13,True,611584,1453,385,,,,,,,,,cupy.ndarray,690058760,
37540378856-1-d05888b8,speed/ibuprofen/b3lyp/mtzvpp,3,,mixed,2.0032,-656.9290413153146,13,True,611584,1453,385,"MixedPrecision(xc=True, k=True, vv10=False, xc_switch_tol=0.0003, k_switch_tol=0.001, vv10_switch_tol=1e-05, ao_cache_fp64=True)",fp64+fp32,"fp32*9,fp64*5","fp32*8,fp64*6",fp64*14,True,4386955264,2193477632,cupy.ndarray,690058760,
37540378856-1-d05888b8,speed/ibuprofen/b3lyp/mtzvpp,3,,stock,3.6975,-656.9290413153144,13,True,611584,1453,385,,,,,,,,,cupy.ndarray,690058760,
37540378856-1-d05888b8,speed/naproxen/b3lyp/mtzvpp,0,,mixed,2.097,-767.8688481641323,13,True,596480,1533,408,"MixedPrecision(xc=True, k=True, vv10=False, xc_switch_tol=0.0003, k_switch_tol=0.001, vv10_switch_tol=1e-05, ao_cache_fp64=True)",fp64+fp32,"fp32*10,fp64*4","fp32*6,fp64*8",fp64*14,True,4393893888,2196946944,cupy.ndarray,802825968,
37540378856-1-d05888b8,speed/naproxen/b3lyp/mtzvpp,0,,stock,3.5151,-767.8688481641329,13,True,596480,1533,408,,,,,,,,,cupy.ndarray,802825968,
37540378856-1-d05888b8,speed/naproxen/b3lyp/mtzvpp,1,,mixed,2.0786,-767.8688481641327,13,True,596480,1533,408,"MixedPrecision(xc=True, k=True, vv10=False, xc_switch_tol=0.0003, k_switch_tol=0.001, vv10_switch_tol=1e-05, ao_cache_fp64=True)",fp64+fp32,"fp32*10,fp64*4","fp32*6,fp64*8",fp64*14,True,4393893888,2196946944,cupy.ndarray,802825968,
37540378856-1-d05888b8,speed/naproxen/b3lyp/mtzvpp,1,,stock,3.5795,-767.8688481641339,13,True,596480,1533,408,,,,,,,,,cupy.ndarray,802825968,
37540378856-1-d05888b8,speed/naproxen/b3lyp/mtzvpp,2,,mixed,2.0277,-767.8688481641329,13,True,596480,1533,408,"MixedPrecision(xc=True, k=True, vv10=False, xc_switch_tol=0.0003, k_switch_tol=0.001, vv10_switch_tol=1e-05, ao_cache_fp64=True)",fp64+fp32,"fp32*10,fp64*4","fp32*6,fp64*8",fp64*14,True,4393893888,2196946944,cupy.ndarray,802825968,
37540378856-1-d05888b8,speed/naproxen/b3lyp/mtzvpp,2,,stock,3.5183,-767.8688481641334,13,True,596480,1533,408,,,,,,,,,cupy.ndarray,802825968,
37540378856-1-d05888b8,speed/naproxen/b3lyp/mtzvpp,3,,mixed,1.9984,-767.8688481641316,13,True,596480,1533,408,"MixedPrecision(xc=True, k=True, vv10=False, xc_switch_tol=0.0003, k_switch_tol=0.001, vv10_switch_tol=1e-05, ao_cache_fp64=True)",fp64+fp32,"fp32*10,fp64*4","fp32*6,fp64*8",fp64*14,True,4393893888,2196946944,cupy.ndarray,802825968,
37540378856-1-d05888b8,speed/naproxen/b3lyp/mtzvpp,3,,stock,3.9844,-767.8688481641334,13,True,596480,1533,408,,,,,,,,,cupy.ndarray,802825968,
37540378856-1-d05888b8,speed/lidocaine/b3lyp/mtzvpp,0,,mixed,2.2675,-731.7137000287923,12,True,717312,1677,448,"MixedPrecision(xc=True, k=True, vv10=False, xc_switch_tol=0.0003, k_switch_tol=0.001, vv10_switch_tol=1e-05, ao_cache_fp64=True)",fp64+fp32,"fp32*10,fp64*3","fp32*8,fp64*5",fp64*13,True,5859049472,2929524736,cupy.ndarray,1088601072,
37540378856-1-d05888b8,speed/lidocaine/b3lyp/mtzvpp,0,,stock,4.454,-731.713700028793,12,True,717312,1677,448,,,,,,,,,cupy.ndarray,1088601072,
37540378856-1-d05888b8,speed/lidocaine/b3lyp/mtzvpp,1,,mixed,2.4769,-731.7137000287926,12,True,717312,1677,448,"MixedPrecision(xc=True, k=True, vv10=False, xc_switch_tol=0.0003, k_switch_tol=0.001, vv10_switch_tol=1e-05, ao_cache_fp64=True)",fp64+fp32,"fp32*10,fp64*3","fp32*8,fp64*5",fp64*13,True,5859180544,2929590272,cupy.ndarray,1088601072,
37540378856-1-d05888b8,speed/lidocaine/b3lyp/mtzvpp,1,,stock,4.4346,-731.713700028793,12,True,717312,1677,448,,,,,,,,,cupy.ndarray,1088601072,
37540378856-1-d05888b8,speed/lidocaine/b3lyp/mtzvpp,2,,mixed,2.2736,-731.7137000287914,12,True,717312,1677,448,"MixedPrecision(xc=True, k=True, vv10=False, xc_switch_tol=0.0003, k_switch_tol=0.001, vv10_switch_tol=1e-05, ao_cache_fp64=True)",fp64+fp32,"fp32*10,fp64*3","fp32*8,fp64*5",fp64*13,True,5859049472,2929524736,cupy.ndarray,1088601072,
37540378856-1-d05888b8,speed/lidocaine/b3lyp/mtzvpp,2,,stock,4.5016,-731.713700028793,12,True,717312,1677,448,,,,,,,,,cupy.ndarray,1088601072,
37540378856-1-d05888b8,speed/lidocaine/b3lyp/mtzvpp,3,,mixed,2.3125,-731.7137000287923,12,True,717312,1677,448,"MixedPrecision(xc=True, k=True, vv10=False, xc_switch_tol=0.0003, k_switch_tol=0.001, vv10_switch_tol=1e-05, ao_cache_fp64=True)",fp64+fp32,"fp32*10,fp64*3","fp32*8,fp64*5",fp64*13,True,5859049472,2929524736,cupy.ndarray,1088601072,
37540378856-1-d05888b8,speed/lidocaine/b3lyp/mtzvpp,3,,stock,4.497,-731.713700028793,12,True,717312,1677,448,,,,,,,,,cupy.ndarray,1088601072,
37540378856-1-d05888b8,speed/salbutamol/b3lyp/mtzvpp,0,,mixed,2.4253,-788.7141642995759,12,True,702208,1661,448,"MixedPrecision(xc=True, k=True, vv10=False, xc_switch_tol=0.0003, k_switch_tol=0.001, vv10_switch_tol=1e-05, ao_cache_fp64=True)",fp64+fp32,"fp32*9,fp64*4","fp32*8,fp64*5",fp64*13,True,5538906112,2769453056,cupy.ndarray,1028012832,
37540378856-1-d05888b8,speed/salbutamol/b3lyp/mtzvpp,0,,stock,4.2043,-788.7141642995764,12,True,702208,1661,448,,,,,,,,,cupy.ndarray,1028012832,
37540378856-1-d05888b8,speed/salbutamol/b3lyp/mtzvpp,1,,mixed,2.4919,-788.7141642995762,12,True,702208,1661,448,"MixedPrecision(xc=True, k=True, vv10=False, xc_switch_tol=0.0003, k_switch_tol=0.001, vv10_switch_tol=1e-05, ao_cache_fp64=True)",fp64+fp32,"fp32*9,fp64*4","fp32*8,fp64*5",fp64*13,True,5538906112,2769453056,cupy.ndarray,1028012832,
37540378856-1-d05888b8,speed/salbutamol/b3lyp/mtzvpp,1,,stock,4.2702,-788.7141642995771,12,True,702208,1661,448,,,,,,,,,cupy.ndarray,1028012832,
37540378856-1-d05888b8,speed/salbutamol/b3lyp/mtzvpp,2,,mixed,2.315,-788.7141642995759,12,True,702208,1661,448,"MixedPrecision(xc=True, k=True, vv10=False, xc_switch_tol=0.0003, k_switch_tol=0.001, vv10_switch_tol=1e-05, ao_cache_fp64=True)",fp64+fp32,"fp32*9,fp64*4","fp32*8,fp64*5",fp64*13,True,5538906112,2769453056,cupy.ndarray,1028012832,
37540378856-1-d05888b8,speed/salbutamol/b3lyp/mtzvpp,2,,stock,4.2085,-788.7141642995773,12,True,702208,1661,448,,,,,,,,,cupy.ndarray,1028012832,
37540378856-1-d05888b8,speed/salbutamol/b3lyp/mtzvpp,3,,mixed,2.5897,-788.7141642995766,12,True,702208,1661,448,"MixedPrecision(xc=True, k=True, vv10=False, xc_switch_tol=0.0003, k_switch_tol=0.001, vv10_switch_tol=1e-05, ao_cache_fp64=True)",fp64+fp32,"fp32*9,fp64*4","fp32*8,fp64*5",fp64*13,True,5538906112,2769453056,cupy.ndarray,1028012832,
37540378856-1-d05888b8,speed/salbutamol/b3lyp/mtzvpp,3,,stock,4.2997,-788.7141642995769,12,True,702208,1661,448,,,,,,,,,cupy.ndarray,1028012832,
37540378856-1-d05888b8,speed/phenytoin/b3lyp/mtzvpp,0,,mixed,2.7113,-839.0869919205261,13,True,611584,1649,441,"MixedPrecision(xc=True, k=True, vv10=False, xc_switch_tol=0.0003, k_switch_tol=0.001, vv10_switch_tol=1e-05, ao_cache_fp64=True)",fp64+fp32,"fp32*10,fp64*4","fp32*10,fp64*4",fp64*14,True,5365792768,2682896384,cupy.ndarray,1094052136,
37540378856-1-d05888b8,speed/phenytoin/b3lyp/mtzvpp,0,,stock,5.8336,-839.0869919205393,13,True,611584,1649,441,,,,,,,,,cupy.ndarray,1094052136,
37540378856-1-d05888b8,speed/phenytoin/b3lyp/mtzvpp,1,,mixed,2.9461,-839.0869919205261,13,True,611584,1649,441,"MixedPrecision(xc=True, k=True, vv10=False, xc_switch_tol=0.0003, k_switch_tol=0.001, vv10_switch_tol=1e-05, ao_cache_fp64=True)",fp64+fp32,"fp32*10,fp64*4","fp32*10,fp64*4",fp64*14,True,5365792768,2682896384,cupy.ndarray,1094052136,
37540378856-1-d05888b8,speed/phenytoin/b3lyp/mtzvpp,1,,stock,5.5257,-839.0869919205388,13,True,611584,1649,441,,,,,,,,,cupy.ndarray,1094052136,
37540378856-1-d05888b8,speed/phenytoin/b3lyp/mtzvpp,2,,mixed,3.6833,-839.0869919205256,13,True,611584,1649,441,"MixedPrecision(xc=True, k=True, vv10=False, xc_switch_tol=0.0003, k_switch_tol=0.001, vv10_switch_tol=1e-05, ao_cache_fp64=True)",fp64+fp32,"fp32*10,fp64*4","fp32*10,fp64*4",fp64*14,True,5365792768,2682896384,cupy.ndarray,1094052136,
37540378856-1-d05888b8,speed/phenytoin/b3lyp/mtzvpp,2,,stock,5.6405,-839.0869919205384,13,True,611584,1649,441,,,,,,,,,cupy.ndarray,1094052136,
37540378856-1-d05888b8,speed/phenytoin/b3lyp/mtzvpp,3,,mixed,2.9601,-839.0869919205261,13,True,611584,1649,441,"MixedPrecision(xc=True, k=True, vv10=False, xc_switch_tol=0.0003, k_switch_tol=0.001, vv10_switch_tol=1e-05, ao_cache_fp64=True)",fp64+fp32,"fp32*10,fp64*4","fp32*10,fp64*4",fp64*14,True,5365792768,2682896384,cupy.ndarray,1094052136,
37540378856-1-d05888b8,speed/phenytoin/b3lyp/mtzvpp,3,,stock,5.6788,-839.0869919205393,13,True,611584,1649,441,,,,,,,,,cupy.ndarray,1094052136,
37540378856-1-d05888b8,speed/ketoprofen/b3lyp/mtzvpp,0,,mixed,2.7551,-844.1134295621603,13,True,641792,1683,446,"MixedPrecision(xc=True, k=True, vv10=False, xc_switch_tol=0.0003, k_switch_tol=0.001, vv10_switch_tol=1e-05, ao_cache_fp64=True)",fp64+fp32,"fp32*8,fp64*6","fp32*8,fp64*6",fp64*14,True,5125210112,2562605056,cupy.ndarray,1050717096,
37540378856-1-d05888b8,speed/ketoprofen/b3lyp/mtzvpp,0,,stock,4.5399,-844.1134295621603,13,True,641792,1683,446,,,,,,,,,cupy.ndarray,1050717096,
37540378856-1-d05888b8,speed/ketoprofen/b3lyp/mtzvpp,1,,mixed,2.7843,-844.1134295621607,13,True,641792,1683,446,"MixedPrecision(xc=True, k=True, vv10=False, xc_switch_tol=0.0003, k_switch_tol=0.001, vv10_switch_tol=1e-05, ao_cache_fp64=True)",fp64+fp32,"fp32*8,fp64*6","fp32*8,fp64*6",fp64*14,True,5125210112,2562605056,cupy.ndarray,1050717096,
37540378856-1-d05888b8,speed/ketoprofen/b3lyp/mtzvpp,1,,stock,4.5513,-844.1134295621603,13,True,641792,1683,446,,,,,,,,,cupy.ndarray,1050717096,
37540378856-1-d05888b8,speed/ketoprofen/b3lyp/mtzvpp,2,,mixed,2.6456,-844.1134295621603,13,True,641792,1683,446,"MixedPrecision(xc=True, k=True, vv10=False, xc_switch_tol=0.0003, k_switch_tol=0.001, vv10_switch_tol=1e-05, ao_cache_fp64=True)",fp64+fp32,"fp32*8,fp64*6","fp32*8,fp64*6",fp64*14,True,5125210112,2562605056,cupy.ndarray,1050717096,
37540378856-1-d05888b8,speed/ketoprofen/b3lyp/mtzvpp,2,,stock,4.3278,-844.1134295621594,13,True,641792,1683,446,,,,,,,,,cupy.ndarray,1050717096,
37540378856-1-d05888b8,speed/ketoprofen/b3lyp/mtzvpp,3,,mixed,2.8475,-844.1134295621603,13,True,641792,1683,446,"MixedPrecision(xc=True, k=True, vv10=False, xc_switch_tol=0.0003, k_switch_tol=0.001, vv10_switch_tol=1e-05, ao_cache_fp64=True)",fp64+fp32,"fp32*8,fp64*6","fp32*8,fp64*6",fp64*14,True,5125210112,2562605056,cupy.ndarray,1050717096,
37540378856-1-d05888b8,speed/ketoprofen/b3lyp/mtzvpp,3,,stock,4.3517,-844.1134295621603,13,True,641792,1683,446,,,,,,,,,cupy.ndarray,1050717096,
37540378856-1-d05888b8,speed/diphenhydramine/b3lyp/mtzvpp,0,,mixed,2.973,-790.6605970103406,12,True,747520,1807,476,"MixedPrecision(xc=True, k=True, vv10=False, xc_switch_tol=0.0003, k_switch_tol=0.001, vv10_switch_tol=1e-05, ao_cache_fp64=True)",fp64+fp32,"fp32*8,fp64*5","fp32*8,fp64*5",fp64*13,True,5999427584,2999713792,cupy.ndarray,1241770400,
37540378856-1-d05888b8,speed/diphenhydramine/b3lyp/mtzvpp,0,,stock,4.9654,-790.6605970103406,12,True,747520,1807,476,,,,,,,,,cupy.ndarray,1241770400,
37540378856-1-d05888b8,speed/diphenhydramine/b3lyp/mtzvpp,1,,mixed,2.9477,-790.6605970103406,12,True,747520,1807,476,"MixedPrecision(xc=True, k=True, vv10=False, xc_switch_tol=0.0003, k_switch_tol=0.001, vv10_switch_tol=1e-05, ao_cache_fp64=True)",fp64+fp32,"fp32*8,fp64*5","fp32*8,fp64*5",fp64*13,True,5999820800,2999910400,cupy.ndarray,1241770400,
37540378856-1-d05888b8,speed/diphenhydramine/b3lyp/mtzvpp,1,,stock,5.0001,-790.6605970103406,12,True,747520,1807,476,,,,,,,,,cupy.ndarray,1241770400,
37540378856-1-d05888b8,speed/diphenhydramine/b3lyp/mtzvpp,2,,mixed,2.9505,-790.660597010341,12,True,747520,1807,476,"MixedPrecision(xc=True, k=True, vv10=False, xc_switch_tol=0.0003, k_switch_tol=0.001, vv10_switch_tol=1e-05, ao_cache_fp64=True)",fp64+fp32,"fp32*8,fp64*5","fp32*8,fp64*5",fp64*13,True,5999427584,2999713792,cupy.ndarray,1241770400,
37540378856-1-d05888b8,speed/diphenhydramine/b3lyp/mtzvpp,2,,stock,5.0315,-790.6605970103415,12,True,747520,1807,476,,,,,,,,,cupy.ndarray,1241770400,
37540378856-1-d05888b8,speed/diphenhydramine/b3lyp/mtzvpp,3,,mixed,2.8519,-790.6605970103406,12,True,747520,1807,476,"MixedPrecision(xc=True, k=True, vv10=False, xc_switch_tol=0.0003, k_switch_tol=0.001, vv10_switch_tol=1e-05, ao_cache_fp64=True)",fp64+fp32,"fp32*8,fp64*5","fp32*8,fp64*5",fp64*13,True,5999427584,2999713792,cupy.ndarray,1241770400,
37540378856-1-d05888b8,speed/diphenhydramine/b3lyp/mtzvpp,3,,stock,4.9114,-790.6605970103401,12,True,747520,1807,476,,,,,,,,,cupy.ndarray,1241770400,
37540378856-1-d05888b8,speed/propranolol/b3lyp/mtzvpp,0,,mixed,3.2003,-827.8170690319744,12,True,747520,1809,481,"MixedPrecision(xc=True, k=True, vv10=False, xc_switch_tol=0.0003, k_switch_tol=0.001, vv10_switch_tol=1e-05, ao_cache_fp64=True)",fp64+fp32,"fp32*9,fp64*4","fp32*8,fp64*5",fp64*13,True,5783289856,2891644928,cupy.ndarray,1214721792,
37540378856-1-d05888b8,speed/propranolol/b3lyp/mtzvpp,0,,stock,5.9866,-827.8170690319753,12,True,747520,1809,481,,,,,,,,,cupy.ndarray,1214721792,
37540378856-1-d05888b8,speed/propranolol/b3lyp/mtzvpp,1,,mixed,3.0382,-827.8170690319744,12,True,747520,1809,481,"MixedPrecision(xc=True, k=True, vv10=False, xc_switch_tol=0.0003, k_switch_tol=0.001, vv10_switch_tol=1e-05, ao_cache_fp64=True)",fp64+fp32,"fp32*9,fp64*4","fp32*8,fp64*5",fp64*13,True,5783289856,2891644928,cupy.ndarray,1214721792,
37540378856-1-d05888b8,speed/propranolol/b3lyp/mtzvpp,1,,stock,5.9245,-827.8170690319753,12,True,747520,1809,481,,,,,,,,,cupy.ndarray,1214721792,
37540378856-1-d05888b8,speed/propranolol/b3lyp/mtzvpp,2,,mixed,3.1066,-827.8170690319739,12,True,747520,1809,481,"MixedPrecision(xc=True, k=True, vv10=False, xc_switch_tol=0.0003, k_switch_tol=0.001, vv10_switch_tol=1e-05, ao_cache_fp64=True)",fp64+fp32,"fp32*9,fp64*4","fp32*8,fp64*5",fp64*13,True,5783289856,2891644928,cupy.ndarray,1214721792,
37540378856-1-d05888b8,speed/propranolol/b3lyp/mtzvpp,2,,stock,5.9116,-827.8170690319753,12,True,747520,1809,481,,,,,,,,,cupy.ndarray,1214721792,
37540378856-1-d05888b8,speed/propranolol/b3lyp/mtzvpp,3,,mixed,3.1258,-827.8170690319744,12,True,747520,1809,481,"MixedPrecision(xc=True, k=True, vv10=False, xc_switch_tol=0.0003, k_switch_tol=0.001, vv10_switch_tol=1e-05, ao_cache_fp64=True)",fp64+fp32,"fp32*9,fp64*4","fp32*8,fp64*5",fp64*13,True,5783289856,2891644928,cupy.ndarray,1214721792,
37540378856-1-d05888b8,speed/propranolol/b3lyp/mtzvpp,3,,stock,5.99,-827.8170690319762,12,True,747520,1809,481,,,,,,,,,cupy.ndarray,1214721792,
37540378856-1-d05888b8,speed/atenolol/b3lyp/mtzvpp,0,,mixed,3.3608,-882.2273669511899,13,True,762624,1831,496,"MixedPrecision(xc=True, k=True, vv10=False, xc_switch_tol=0.0003, k_switch_tol=0.001, vv10_switch_tol=1e-05, ao_cache_fp64=True)",fp64+fp32,"fp32*10,fp64*4","fp32*9,fp64*5",fp64*14,True,5697019904,2848509952,cupy.ndarray,1196683008,
37540378856-1-d05888b8,speed/atenolol/b3lyp/mtzvpp,0,,stock,6.5871,-882.2273669511908,13,True,762624,1831,496,,,,,,,,,cupy.ndarray,1196683008,
37540378856-1-d05888b8,speed/atenolol/b3lyp/mtzvpp,1,,mixed,3.1557,-882.2273669511899,13,True,762624,1831,496,"MixedPrecision(xc=True, k=True, vv10=False, xc_switch_tol=0.0003, k_switch_tol=0.001, vv10_switch_tol=1e-05, ao_cache_fp64=True)",fp64+fp32,"fp32*10,fp64*4","fp32*9,fp64*5",fp64*14,True,5697019904,2848509952,cupy.ndarray,1196683008,
37540378856-1-d05888b8,speed/atenolol/b3lyp/mtzvpp,1,,stock,6.3677,-882.2273669511917,13,True,762624,1831,496,,,,,,,,,cupy.ndarray,1196683008,
37540378856-1-d05888b8,speed/atenolol/b3lyp/mtzvpp,2,,mixed,3.1678,-882.2273669511899,13,True,762624,1831,496,"MixedPrecision(xc=True, k=True, vv10=False, xc_switch_tol=0.0003, k_switch_tol=0.001, vv10_switch_tol=1e-05, ao_cache_fp64=True)",fp64+fp32,"fp32*10,fp64*4","fp32*9,fp64*5",fp64*14,True,5697019904,2848509952,cupy.ndarray,1196683008,
37540378856-1-d05888b8,speed/atenolol/b3lyp/mtzvpp,2,,stock,6.3805,-882.2273669511912,13,True,762624,1831,496,,,,,,,,,cupy.ndarray,1196683008,
37540378856-1-d05888b8,speed/atenolol/b3lyp/mtzvpp,3,,mixed,3.1478,-882.2273669511894,13,True,762624,1831,496,"MixedPrecision(xc=True, k=True, vv10=False, xc_switch_tol=0.0003, k_switch_tol=0.001, vv10_switch_tol=1e-05, ao_cache_fp64=True)",fp64+fp32,"fp32*10,fp64*4","fp32*9,fp64*5",fp64*14,True,5697019904,2848509952,cupy.ndarray,1196683008,
37540378856-1-d05888b8,speed/atenolol/b3lyp/mtzvpp,3,,stock,6.3298,-882.2273669511922,13,True,762624,1831,496,,,,,,,,,cupy.ndarray,1196683008,
37540378856-1-d05888b8,speed/metoprolol/b3lyp/mtzvpp,0,,mixed,3.0496,-867.338987539787,11,True,807936,1883,506,"MixedPrecision(xc=True, k=True, vv10=False, xc_switch_tol=0.0003, k_switch_tol=0.001, vv10_switch_tol=1e-05, ao_cache_fp64=True)",fp64+fp32,"fp32*9,fp64*3","fp32*9,fp64*3",fp64*12,True,6124929024,3062464512,cupy.ndarray,1289885128,
37540378856-1-d05888b8,speed/metoprolol/b3lyp/mtzvpp,0,,stock,5.2403,-867.3389875397911,11,True,807936,1883,506,,,,,,,,,cupy.ndarray,1289885128,
37540378856-1-d05888b8,speed/metoprolol/b3lyp/mtzvpp,1,,mixed,2.6863,-867.3389875397875,11,True,807936,1883,506,"MixedPrecision(xc=True, k=True, vv10=False, xc_switch_tol=0.0003, k_switch_tol=0.001, vv10_switch_tol=1e-05, ao_cache_fp64=True)",fp64+fp32,"fp32*9,fp64*3","fp32*9,fp64*3",fp64*12,True,6125060096,3062530048,cupy.ndarray,1289885128,
37540378856-1-d05888b8,speed/metoprolol/b3lyp/mtzvpp,1,,stock,5.1036,-867.3389875397916,11,True,807936,1883,506,,,,,,,,,cupy.ndarray,1289885128,
37540378856-1-d05888b8,speed/metoprolol/b3lyp/mtzvpp,2,,mixed,2.7248,-867.3389875397866,11,True,807936,1883,506,"MixedPrecision(xc=True, k=True, vv10=False, xc_switch_tol=0.0003, k_switch_tol=0.001, vv10_switch_tol=1e-05, ao_cache_fp64=True)",fp64+fp32,"fp32*9,fp64*3","fp32*9,fp64*3",fp64*12,True,6124929024,3062464512,cupy.ndarray,1289885128,
37540378856-1-d05888b8,speed/metoprolol/b3lyp/mtzvpp,2,,stock,5.1244,-867.3389875397916,11,True,807936,1883,506,,,,,,,,,cupy.ndarray,1289885128,
37540378856-1-d05888b8,speed/metoprolol/b3lyp/mtzvpp,3,,mixed,2.5921,-867.3389875397866,11,True,807936,1883,506,"MixedPrecision(xc=True, k=True, vv10=False, xc_switch_tol=0.0003, k_switch_tol=0.001, vv10_switch_tol=1e-05, ao_cache_fp64=True)",fp64+fp32,"fp32*9,fp64*3","fp32*9,fp64*3",fp64*12,True,6124929024,3062464512,cupy.ndarray,1289885128,
37540378856-1-d05888b8,speed/metoprolol/b3lyp/mtzvpp,3,,stock,5.0878,-867.3389875397916,11,True,807936,1883,506,,,,,,,,,cupy.ndarray,1289885128,
37540378856-1-d05888b8,speed/trimethoprim/b3lyp/mtzvpp,0,,mixed,3.1127,-989.3030268585287,12,True,747520,1913,524,"MixedPrecision(xc=True, k=True, vv10=False, xc_switch_tol=0.0003, k_switch_tol=0.001, vv10_switch_tol=1e-05, ao_cache_fp64=True)",fp64+fp32,"fp32*10,fp64*3","fp32*8,fp64*5",fp64*13,True,6629359616,3314679808,cupy.ndarray,1604976392,
37540378856-1-d05888b8,speed/trimethoprim/b3lyp/mtzvpp,0,,stock,5.9113,-989.3030268585355,12,True,747520,1913,524,,,,,,,,,cupy.ndarray,1604976392,
37540378856-1-d05888b8,speed/trimethoprim/b3lyp/mtzvpp,1,,mixed,3.6378,-989.3030268585283,12,True,747520,1913,524,"MixedPrecision(xc=True, k=True, vv10=False, xc_switch_tol=0.0003, k_switch_tol=0.001, vv10_switch_tol=1e-05, ao_cache_fp64=True)",fp64+fp32,"fp32*10,fp64*3","fp32*8,fp64*5",fp64*13,True,6629359616,3314679808,cupy.ndarray,1604976392,
37540378856-1-d05888b8,speed/trimethoprim/b3lyp/mtzvpp,1,,stock,6.3394,-989.3030268585355,12,True,747520,1913,524,,,,,,,,,cupy.ndarray,1604976392,
37540378856-1-d05888b8,speed/trimethoprim/b3lyp/mtzvpp,2,,mixed,3.1581,-989.3030268585283,12,True,747520,1913,524,"MixedPrecision(xc=True, k=True, vv10=False, xc_switch_tol=0.0003, k_switch_tol=0.001, vv10_switch_tol=1e-05, ao_cache_fp64=True)",fp64+fp32,"fp32*10,fp64*3","fp32*8,fp64*5",fp64*13,True,6629490688,3314745344,cupy.ndarray,1604976392,
37540378856-1-d05888b8,speed/trimethoprim/b3lyp/mtzvpp,2,,stock,5.8807,-989.3030268585346,12,True,747520,1913,524,,,,,,,,,cupy.ndarray,1604976392,
37540378856-1-d05888b8,speed/trimethoprim/b3lyp/mtzvpp,3,,mixed,3.0856,-989.3030268585292,12,True,747520,1913,524,"MixedPrecision(xc=True, k=True, vv10=False, xc_switch_tol=0.0003, k_switch_tol=0.001, vv10_switch_tol=1e-05, ao_cache_fp64=True)",fp64+fp32,"fp32*10,fp64*3","fp32*8,fp64*5",fp64*13,True,6629359616,3314679808,cupy.ndarray,1604976392,
37540378856-1-d05888b8,speed/trimethoprim/b3lyp/mtzvpp,3,,stock,5.8546,-989.3030268585346,12,True,747520,1913,524,,,,,,,,,cupy.ndarray,1604976392,
37540378856-1-d05888b8,speed/diclofenac/b3lyp/mtzvpp,0,,mixed,3.2175,-1666.0227833625595,13,True,620800,1735,447,"MixedPrecision(xc=True, k=True, vv10=False, xc_switch_tol=0.0003, k_switch_tol=0.001, vv10_switch_tol=1e-05, ao_cache_fp64=True)",fp64+fp32,"fp32*9,fp64*5","fp32*8,fp64*6",fp64*14,True,5177106432,2588553216,cupy.ndarray,1142754280,
37540378856-1-d05888b8,speed/diclofenac/b3lyp/mtzvpp,0,,stock,5.607,-1666.0227833625586,13,True,620800,1735,447,,,,,,,,,cupy.ndarray,1142754280,
37540378856-1-d05888b8,speed/diclofenac/b3lyp/mtzvpp,1,,mixed,3.1444,-1666.0227833625581,13,True,620800,1735,447,"MixedPrecision(xc=True, k=True, vv10=False, xc_switch_tol=0.0003, k_switch_tol=0.001, vv10_switch_tol=1e-05, ao_cache_fp64=True)",fp64+fp32,"fp32*9,fp64*5","fp32*8,fp64*6",fp64*14,True,5177106432,2588553216,cupy.ndarray,1142754280,
37540378856-1-d05888b8,speed/diclofenac/b3lyp/mtzvpp,1,,stock,5.6685,-1666.0227833625595,13,True,620800,1735,447,,,,,,,,,cupy.ndarray,1142754280,
37540378856-1-d05888b8,speed/diclofenac/b3lyp/mtzvpp,2,,mixed,3.0402,-1666.0227833625581,13,True,620800,1735,447,"MixedPrecision(xc=True, k=True, vv10=False, xc_switch_tol=0.0003, k_switch_tol=0.001, vv10_switch_tol=1e-05, ao_cache_fp64=True)",fp64+fp32,"fp32*9,fp64*5","fp32*8,fp64*6",fp64*14,True,5177106432,2588553216,cupy.ndarray,1142754280,
37540378856-1-d05888b8,speed/diclofenac/b3lyp/mtzvpp,2,,stock,5.863,-1666.0227833625581,13,True,620800,1735,447,,,,,,,,,cupy.ndarray,1142754280,
37540378856-1-d05888b8,speed/diclofenac/b3lyp/mtzvpp,3,,mixed,3.0623,-1666.0227833625581,13,True,620800,1735,447,"MixedPrecision(xc=True, k=True, vv10=False, xc_switch_tol=0.0003, k_switch_tol=0.001, vv10_switch_tol=1e-05, ao_cache_fp64=True)",fp64+fp32,"fp32*9,fp64*5","fp32*8,fp64*6",fp64*14,True,5177106432,2588553216,cupy.ndarray,1142754280,
37540378856-1-d05888b8,speed/diclofenac/b3lyp/mtzvpp,3,,stock,5.5685,-1666.0227833625581,13,True,620800,1735,447,,,,,,,,,cupy.ndarray,1142754280,
37540378856-1-d05888b8,speed/fluconazole/b3lyp/mtzvpp,0,,mixed,3.2308,-1106.3541719153434,13,True,679680,1884,523,"MixedPrecision(xc=True, k=True, vv10=False, xc_switch_tol=0.0003, k_switch_tol=0.001, vv10_switch_tol=1e-05, ao_cache_fp64=True)",fp64+fp32,"fp32*11,fp64*3","fp32*9,fp64*5",fp64*14,True,6602981376,3301490688,cupy.ndarray,1663285632,
37540378856-1-d05888b8,speed/fluconazole/b3lyp/mtzvpp,0,,stock,6.6187,-1106.3541719153484,13,True,679680,1884,523,,,,,,,,,cupy.ndarray,1663285632,
37540378856-1-d05888b8,speed/fluconazole/b3lyp/mtzvpp,1,,mixed,3.3881,-1106.3541719153438,13,True,679680,1884,523,"MixedPrecision(xc=True, k=True, vv10=False, xc_switch_tol=0.0003, k_switch_tol=0.001, vv10_switch_tol=1e-05, ao_cache_fp64=True)",fp64+fp32,"fp32*11,fp64*3","fp32*9,fp64*5",fp64*14,True,6602981376,3301490688,cupy.ndarray,1663285632,
37540378856-1-d05888b8,speed/fluconazole/b3lyp/mtzvpp,1,,stock,6.2858,-1106.3541719153493,13,True,679680,1884,523,,,,,,,,,cupy.ndarray,1663285632,
37540378856-1-d05888b8,speed/fluconazole/b3lyp/mtzvpp,2,,mixed,3.1314,-1106.3541719153434,13,True,679680,1884,523,"MixedPrecision(xc=True, k=True, vv10=False, xc_switch_tol=0.0003, k_switch_tol=0.001, vv10_switch_tol=1e-05, ao_cache_fp64=True)",fp64+fp32,"fp32*11,fp64*3","fp32*9,fp64*5",fp64*14,True,6602981376,3301490688,cupy.ndarray,1663285632,
37540378856-1-d05888b8,speed/fluconazole/b3lyp/mtzvpp,2,,stock,6.4952,-1106.3541719153498,13,True,679680,1884,523,,,,,,,,,cupy.ndarray,1663285632,
37540378856-1-d05888b8,speed/fluconazole/b3lyp/mtzvpp,3,,mixed,3.1303,-1106.3541719153438,13,True,679680,1884,523,"MixedPrecision(xc=True, k=True, vv10=False, xc_switch_tol=0.0003, k_switch_tol=0.001, vv10_switch_tol=1e-05, ao_cache_fp64=True)",fp64+fp32,"fp32*11,fp64*3","fp32*9,fp64*5",fp64*14,True,6602981376,3301490688,cupy.ndarray,1663285632,
37540378856-1-d05888b8,speed/fluconazole/b3lyp/mtzvpp,3,,stock,6.7201,-1106.354171915348,13,True,679680,1884,523,,,,,,,,,cupy.ndarray,1663285632,
37540378856-1-d05888b8,speed/warfarin/b3lyp/mtzvpp,0,,mixed,3.9992,-1034.9050784581855,14,True,762624,2021,537,"MixedPrecision(xc=True, k=True, vv10=False, xc_switch_tol=0.0003, k_switch_tol=0.001, vv10_switch_tol=1e-05, ao_cache_fp64=True)",fp64+fp32,"fp32*11,fp64*4","fp32*10,fp64*5",fp64*15,True,7096082432,3548041216,cupy.ndarray,1827081008,
37540378856-1-d05888b8,speed/warfarin/b3lyp/mtzvpp,0,,stock,7.8099,-1034.905078458191,14,True,762624,2021,537,,,,,,,,,cupy.ndarray,1827081008,
37540378856-1-d05888b8,speed/warfarin/b3lyp/mtzvpp,1,,mixed,3.9171,-1034.9050784581837,14,True,762624,2021,537,"MixedPrecision(xc=True, k=True, vv10=False, xc_switch_tol=0.0003, k_switch_tol=0.001, vv10_switch_tol=1e-05, ao_cache_fp64=True)",fp64+fp32,"fp32*11,fp64*4","fp32*10,fp64*5",fp64*15,True,7095951360,3547975680,cupy.ndarray,1827081008,
37540378856-1-d05888b8,speed/warfarin/b3lyp/mtzvpp,1,,stock,7.4924,-1034.9050784581905,14,True,762624,2021,537,,,,,,,,,cupy.ndarray,1827081008,
37540378856-1-d05888b8,speed/warfarin/b3lyp/mtzvpp,2,,mixed,3.8549,-1034.905078458184,14,True,762624,2021,537,"MixedPrecision(xc=True, k=True, vv10=False, xc_switch_tol=0.0003, k_switch_tol=0.001, vv10_switch_tol=1e-05, ao_cache_fp64=True)",fp64+fp32,"fp32*11,fp64*4","fp32*10,fp64*5",fp64*15,True,7096082432,3548041216,cupy.ndarray,1827081008,
37540378856-1-d05888b8,speed/warfarin/b3lyp/mtzvpp,2,,stock,7.4702,-1034.9050784581896,14,True,762624,2021,537,,,,,,,,,cupy.ndarray,1827081008,
37540378856-1-d05888b8,speed/warfarin/b3lyp/mtzvpp,3,,mixed,4.0722,-1034.9050784581832,14,True,762624,2021,537,"MixedPrecision(xc=True, k=True, vv10=False, xc_switch_tol=0.0003, k_switch_tol=0.001, vv10_switch_tol=1e-05, ao_cache_fp64=True)",fp64+fp32,"fp32*11,fp64*4","fp32*10,fp64*5",fp64*15,True,7095951360,3547975680,cupy.ndarray,1827081008,
37540378856-1-d05888b8,speed/warfarin/b3lyp/mtzvpp,3,,stock,7.6893,-1034.9050784581896,14,True,762624,2021,537,,,,,,,,,cupy.ndarray,1827081008,
37540378856-1-d05888b8,speed/omeprazole/b3lyp/mtzvpp,0,,mixed,5.4499,-1447.6700114707564,14,True,842752,2207,589,"MixedPrecision(xc=True, k=True, vv10=False, xc_switch_tol=0.0003, k_switch_tol=0.001, vv10_switch_tol=1e-05, ao_cache_fp64=True)",fp64+fp32,"fp32*11,fp64*4","fp32*11,fp64*4",fp64*15,True,7309295616,3654647808,cupy.ndarray,2114570840,
37540378856-1-d05888b8,speed/omeprazole/b3lyp/mtzvpp,0,,stock,9.7713,-1447.6700114705827,13,True,842752,2207,589,,,,,,,,,cupy.ndarray,2114570840,
37540378856-1-d05888b8,speed/omeprazole/b3lyp/mtzvpp,1,,mixed,4.7656,-1447.6700114707555,14,True,842752,2207,589,"MixedPrecision(xc=True, k=True, vv10=False, xc_switch_tol=0.0003, k_switch_tol=0.001, vv10_switch_tol=1e-05, ao_cache_fp64=True)",fp64+fp32,"fp32*11,fp64*4","fp32*11,fp64*4",fp64*15,True,7309426688,3654713344,cupy.ndarray,2114570840,
37540378856-1-d05888b8,speed/omeprazole/b3lyp/mtzvpp,1,,stock,9.3433,-1447.6700114705818,13,True,842752,2207,589,,,,,,,,,cupy.ndarray,2114570840,
37540378856-1-d05888b8,speed/omeprazole/b3lyp/mtzvpp,2,,mixed,5.1612,-1447.6700114707528,14,True,842752,2207,589,"MixedPrecision(xc=True, k=True, vv10=False, xc_switch_tol=0.0003, k_switch_tol=0.001, vv10_switch_tol=1e-05, ao_cache_fp64=True)",fp64+fp32,"fp32*11,fp64*4","fp32*11,fp64*4",fp64*15,True,7309426688,3654713344,cupy.ndarray,2114570840,
37540378856-1-d05888b8,speed/omeprazole/b3lyp/mtzvpp,2,,stock,9.377,-1447.6700114705836,13,True,842752,2207,589,,,,,,,,,cupy.ndarray,2114570840,
37540378856-1-d05888b8,speed/omeprazole/b3lyp/mtzvpp,3,,mixed,4.865,-1447.6700114707546,14,True,842752,2207,589,"MixedPrecision(xc=True, k=True, vv10=False, xc_switch_tol=0.0003, k_switch_tol=0.001, vv10_switch_tol=1e-05, ao_cache_fp64=True)",fp64+fp32,"fp32*11,fp64*4","fp32*11,fp64*4",fp64*15,True,7309426688,3654713344,cupy.ndarray,2114570840,
37540378856-1-d05888b8,speed/omeprazole/b3lyp/mtzvpp,3,,stock,9.3298,-1447.6700114705832,13,True,842752,2207,589,,,,,,,,,cupy.ndarray,2114570840,
37540378856-1-d05888b8,speed/celecoxib/b3lyp/mtzvpp,0,,mixed,5.9703,-1669.0626236858593,13,True,812544,2271,612,"MixedPrecision(xc=True, k=True, vv10=False, xc_switch_tol=0.0003, k_switch_tol=0.001, vv10_switch_tol=1e-05, ao_cache_fp64=True)",fp64+fp32,"fp32*11,fp64*3","fp32*8,fp64*6",fp64*14,True,7357595648,3678797824,cupy.ndarray,2324250408,
37540378856-1-d05888b8,speed/celecoxib/b3lyp/mtzvpp,0,,stock,10.7081,-1669.0626236858648,13,True,812544,2271,612,,,,,,,,,cupy.ndarray,2324250408,
37540378856-1-d05888b8,speed/celecoxib/b3lyp/mtzvpp,1,,mixed,5.3601,-1669.0626236858598,13,True,812544,2271,612,"MixedPrecision(xc=True, k=True, vv10=False, xc_switch_tol=0.0003, k_switch_tol=0.001, vv10_switch_tol=1e-05, ao_cache_fp64=True)",fp64+fp32,"fp32*11,fp64*3","fp32*8,fp64*6",fp64*14,True,7357988864,3678994432,cupy.ndarray,2324250408,
37540378856-1-d05888b8,speed/celecoxib/b3lyp/mtzvpp,1,,stock,10.8605,-1669.0626236858634,13,True,812544,2271,612,,,,,,,,,cupy.ndarray,2324250408,
37540378856-1-d05888b8,speed/celecoxib/b3lyp/mtzvpp,2,,mixed,5.9713,-1669.0626236858598,13,True,812544,2271,612,"MixedPrecision(xc=True, k=True, vv10=False, xc_switch_tol=0.0003, k_switch_tol=0.001, vv10_switch_tol=1e-05, ao_cache_fp64=True)",fp64+fp32,"fp32*11,fp64*3","fp32*8,fp64*6",fp64*14,True,7357595648,3678797824,cupy.ndarray,2324250408,
37540378856-1-d05888b8,speed/celecoxib/b3lyp/mtzvpp,2,,stock,10.5292,-1669.0626236858634,13,True,812544,2271,612,,,,,,,,,cupy.ndarray,2324250408,
37540378856-1-d05888b8,speed/celecoxib/b3lyp/mtzvpp,3,,mixed,5.2863,-1669.0626236858611,13,True,812544,2271,612,"MixedPrecision(xc=True, k=True, vv10=False, xc_switch_tol=0.0003, k_switch_tol=0.001, vv10_switch_tol=1e-05, ao_cache_fp64=True)",fp64+fp32,"fp32*11,fp64*3","fp32*8,fp64*6",fp64*14,True,7357595648,3678797824,cupy.ndarray,2324250408,
37540378856-1-d05888b8,speed/celecoxib/b3lyp/mtzvpp,3,,stock,10.3669,-1669.062623685863,13,True,812544,2271,612,,,,,,,,,cupy.ndarray,2324250408,
37540378856-1-d05888b8,bridge/metformin/r2scan/mtzvpp,1,,mixed,2.3405,-432.69146620525333,12,True,370176,883,251,"MixedPrecision(xc=True, k=False, vv10=False, xc_switch_tol=0.001, k_switch_tol=0.001, vv10_switch_tol=1e-05, ao_cache_fp64=True)",fp64+fp32,"fp32*8,fp64*5",fp64*13,fp64*13,True,2213838848,1106919424,,0,
37540378856-1-d05888b8,bridge/metformin/r2scan/mtzvpp,1,,stock,2.6546,-432.6914662052531,12,True,370176,883,251,,,,,,,,,,0,
37540378856-1-d05888b8,bridge/paracetamol/r2scan/mtzvpp,1,,mixed,1.9591,-515.3814799380369,14,True,385280,993,269,"MixedPrecision(xc=True, k=False, vv10=False, xc_switch_tol=0.001, k_switch_tol=0.001, vv10_switch_tol=1e-05, ao_cache_fp64=True)",fp64+fp32,"fp32*9,fp64*6",fp64*15,fp64*15,True,2242281472,1121140736,,0,
37540378856-1-d05888b8,bridge/paracetamol/r2scan/mtzvpp,1,,stock,3.4461,-515.3814799380369,14,True,385280,993,269,,,,,,,,,,0,
37540378856-1-d05888b8,bridge/nicotine/r2scan/mtzvpp,1,,mixed,2.4694,-498.8300208375124,12,True,483328,1156,308,"MixedPrecision(xc=True, k=False, vv10=False, xc_switch_tol=0.001, k_switch_tol=0.001, vv10_switch_tol=1e-05, ao_cache_fp64=True)",fp64+fp32,"fp32*8,fp64*5",fp64*13,fp64*13,True,3389128704,1694564352,,0,
37540378856-1-d05888b8,bridge/nicotine/r2scan/mtzvpp,1,,stock,3.9655,-498.8300208375115,12,True,483328,1156,308,,,,,,,,,,0,
37540378856-1-d05888b8,bridge/gabapentin/r2scan/mtzvpp,1,,mixed,2.5096,-558.2822780655157,12,True,528640,1212,328,"MixedPrecision(xc=True, k=False, vv10=False, xc_switch_tol=0.001, k_switch_tol=0.001, vv10_switch_tol=1e-05, ao_cache_fp64=True)",fp64+fp32,"fp32*9,fp64*4",fp64*13,fp64*13,True,3991240704,1995620352,,0,
37540378856-1-d05888b8,bridge/gabapentin/r2scan/mtzvpp,1,,stock,4.188,-558.2822780655162,12,True,528640,1212,328,,,,,,,,,,0,
37540378856-1-d05888b8,bridge/aspirin/r2scan/mtzvpp,1,,mixed,2.4066,-648.5867378508127,14,True,415488,1127,307,"MixedPrecision(xc=True, k=False, vv10=False, xc_switch_tol=0.001, k_switch_tol=0.001, vv10_switch_tol=1e-05, ao_cache_fp64=True)",fp64+fp32,"fp32*9,fp64*6",fp64*15,fp64*15,True,2842025984,1421012992,,0,
37540378856-1-d05888b8,bridge/aspirin/r2scan/mtzvpp,1,,stock,3.8675,-648.5867378508132,14,True,415488,1127,307,,,,,,,,,,0,
37540378856-1-d05888b8,bridge/theophylline/r2scan/mtzvpp,1,,mixed,2.8736,-640.948015038078,16,True,415488,1131,317,"MixedPrecision(xc=True, k=False, vv10=False, xc_switch_tol=0.001, k_switch_tol=0.001, vv10_switch_tol=1e-05, ao_cache_fp64=True)",fp64+fp32,"fp32*10,fp64*7",fp64*17,fp64*17,True,2983403520,1491701760,,0,
37540378856-1-d05888b8,bridge/theophylline/r2scan/mtzvpp,1,,stock,4.2073,-640.948015038078,16,True,415488,1131,317,,,,,,,,,,0,
37540378856-1-d05888b8,bridge/caffeine/r2scan/mtzvpp,1,,mixed,3.2699,-680.2427859221959,16,True,468224,1242,346,"MixedPrecision(xc=True, k=False, vv10=False, xc_switch_tol=0.001, k_switch_tol=0.001, vv10_switch_tol=1e-05, ao_cache_fp64=True)",fp64+fp32,"fp32*10,fp64*7",fp64*17,fp64*17,True,3506569216,1753284608,,0,
37540378856-1-d05888b8,bridge/caffeine/r2scan/mtzvpp,1,,stock,5.0444,-680.242785922195,16,True,468224,1242,346,,,,,,,,,,0,
37540378856-1-d05888b8,bridge/levodopa/r2scan/mtzvpp,1,,mixed,2.8762,-705.1224984483764,14,True,483328,1258,346,"MixedPrecision(xc=True, k=False, vv10=False, xc_switch_tol=0.001, k_switch_tol=0.001, vv10_switch_tol=1e-05, ao_cache_fp64=True)",fp64+fp32,"fp32*9,fp64*6",fp64*15,fp64*15,True,3390308352,1695154176,,0,
37540378856-1-d05888b8,bridge/levodopa/r2scan/mtzvpp,1,,stock,4.5875,-705.1224984483769,14,True,483328,1258,346,,,,,,,,,,0,
37540378856-1-d05888b8,bridge/ibuprofen/r2scan/mtzvpp,1,,mixed,4.1656,-656.5422410927829,14,True,611584,1453,385,"MixedPrecision(xc=True, k=False, vv10=False, xc_switch_tol=0.001, k_switch_tol=0.001, vv10_switch_tol=1e-05, ao_cache_fp64=True)",fp64+fp32,"fp32*8,fp64*7",fp64*15,fp64*15,True,4386955264,2193477632,,0,
37540378856-1-d05888b8,bridge/ibuprofen/r2scan/mtzvpp,1,,stock,6.5296,-656.542241092782,14,True,611584,1453,385,,,,,,,,,,0,
37540378856-1-d05888b8,bridge/naproxen/r2scan/mtzvpp,1,,mixed,3.4923,-767.442385954937,14,True,596480,1533,408,"MixedPrecision(xc=True, k=False, vv10=False, xc_switch_tol=0.001, k_switch_tol=0.001, vv10_switch_tol=1e-05, ao_cache_fp64=True)",fp64+fp32,"fp32*10,fp64*5",fp64*15,fp64*15,True,4393893888,2196946944,,0,
37540378856-1-d05888b8,bridge/naproxen/r2scan/mtzvpp,1,,stock,6.328,-767.4423859549361,14,True,596480,1533,408,,,,,,,,,,0,
37540378856-1-d05888b8,bridge/lidocaine/r2scan/mtzvpp,1,,mixed,4.7057,-731.2775701784612,14,True,717312,1677,448,"MixedPrecision(xc=True, k=False, vv10=False, xc_switch_tol=0.001, k_switch_tol=0.001, vv10_switch_tol=1e-05, ao_cache_fp64=True)",fp64+fp32,"fp32*10,fp64*5",fp64*15,fp64*15,True,5859180544,2929590272,,0,
37540378856-1-d05888b8,bridge/lidocaine/r2scan/mtzvpp,1,,stock,8.4505,-731.2775701784612,14,True,717312,1677,448,,,,,,,,,,0,
37540378856-1-d05888b8,bridge/salbutamol/r2scan/mtzvpp,1,,mixed,4.2563,-788.2637200167394,13,True,702208,1661,448,"MixedPrecision(xc=True, k=False, vv10=False, xc_switch_tol=0.001, k_switch_tol=0.001, vv10_switch_tol=1e-05, ao_cache_fp64=True)",fp64+fp32,"fp32*9,fp64*5",fp64*14,fp64*14,True,5539561472,2769780736,,0,
37540378856-1-d05888b8,bridge/salbutamol/r2scan/mtzvpp,1,,stock,6.9292,-788.2637200167394,13,True,702208,1661,448,,,,,,,,,,0,
37540378856-1-d05888b8,bridge/phenytoin/r2scan/mtzvpp,1,,mixed,6.0554,-838.6298230520692,16,True,611584,1649,441,"MixedPrecision(xc=True, k=False, vv10=False, xc_switch_tol=0.001, k_switch_tol=0.001, vv10_switch_tol=1e-05, ao_cache_fp64=True)",fp64+fp32,"fp32*10,fp64*7",fp64*17,fp64*17,True,5365137408,2682568704,,0,
37540378856-1-d05888b8,bridge/phenytoin/r2scan/mtzvpp,1,,stock,10.826,-838.6298230520697,16,True,611584,1649,441,,,,,,,,,,0,
37540378856-1-d05888b8,bridge/ketoprofen/r2scan/mtzvpp,1,,mixed,5.135,-843.642633817364,17,True,641792,1683,446,"MixedPrecision(xc=True, k=False, vv10=False, xc_switch_tol=0.001, k_switch_tol=0.001, vv10_switch_tol=1e-05, ao_cache_fp64=True)",fp64+fp32,"fp32*11,fp64*7",fp64*18,fp64*18,True,5125210112,2562605056,,0,
37540378856-1-d05888b8,bridge/ketoprofen/r2scan/mtzvpp,1,,stock,8.5213,-843.6426338173644,17,True,641792,1683,446,,,,,,,,,,0,
37540378856-1-d05888b8,bridge/diphenhydramine/r2scan/mtzvpp,1,,mixed,5.0384,-790.1837092856063,13,True,747520,1807,476,"MixedPrecision(xc=True, k=False, vv10=False, xc_switch_tol=0.001, k_switch_tol=0.001, vv10_switch_tol=1e-05, ao_cache_fp64=True)",fp64+fp32,"fp32*8,fp64*6",fp64*14,fp64*14,True,5999427584,2999713792,,0,
37540378856-1-d05888b8,bridge/diphenhydramine/r2scan/mtzvpp,1,,stock,8.259,-790.1837092856063,13,True,747520,1807,476,,,,,,,,,,0,
37540378856-1-d05888b8,bridge/propranolol/r2scan/mtzvpp,1,,mixed,5.7735,-827.3346047560408,14,True,747520,1809,481,"MixedPrecision(xc=True, k=False, vv10=False, xc_switch_tol=0.001, k_switch_tol=0.001, vv10_switch_tol=1e-05, ao_cache_fp64=True)",fp64+fp32,"fp32*8,fp64*7",fp64*15,fp64*15,True,5783289856,2891644928,,0,
37540378856-1-d05888b8,bridge/propranolol/r2scan/mtzvpp,1,,stock,9.0456,-827.3346047560403,14,True,747520,1809,481,,,,,,,,,,0,
37540378856-1-d05888b8,bridge/atenolol/r2scan/mtzvpp,1,,mixed,5.2854,-881.7228799185934,14,True,762624,1831,496,"MixedPrecision(xc=True, k=False, vv10=False, xc_switch_tol=0.001, k_switch_tol=0.001, vv10_switch_tol=1e-05, ao_cache_fp64=True)",fp64+fp32,"fp32*9,fp64*6",fp64*15,fp64*15,True,5696757760,2848378880,,0,
37540378856-1-d05888b8,bridge/atenolol/r2scan/mtzvpp,1,,stock,9.1099,-881.7228799185934,14,True,762624,1831,496,,,,,,,,,,0,
37540378856-1-d05888b8,bridge/metoprolol/r2scan/mtzvpp,1,,mixed,4.6177,-866.8283151098835,13,True,807936,1883,506,"MixedPrecision(xc=True, k=False, vv10=False, xc_switch_tol=0.001, k_switch_tol=0.001, vv10_switch_tol=1e-05, ao_cache_fp64=True)",fp64+fp32,"fp32*9,fp64*5",fp64*14,fp64*14,True,6124929024,3062464512,,0,
37540378856-1-d05888b8,bridge/metoprolol/r2scan/mtzvpp,1,,stock,7.7389,-866.8283151098826,13,True,807936,1883,506,,,,,,,,,,0,
37540378856-1-d05888b8,bridge/trimethoprim/r2scan/mtzvpp,1,,mixed,5.3249,-988.7618383074271,14,True,747520,1913,524,"MixedPrecision(xc=True, k=False, vv10=False, xc_switch_tol=0.001, k_switch_tol=0.001, vv10_switch_tol=1e-05, ao_cache_fp64=True)",fp64+fp32,"fp32*10,fp64*5",fp64*15,fp64*15,True,6629359616,3314679808,,0,
37540378856-1-d05888b8,bridge/trimethoprim/r2scan/mtzvpp,1,,stock,9.7237,-988.7618383074298,14,True,747520,1913,524,,,,,,,,,,0,
37540378856-1-d05888b8,bridge/diclofenac/r2scan/mtzvpp,1,,mixed,5.3308,-1665.5325286016605,14,True,620800,1735,447,"MixedPrecision(xc=True, k=False, vv10=False, xc_switch_tol=0.001, k_switch_tol=0.001, vv10_switch_tol=1e-05, ao_cache_fp64=True)",fp64+fp32,"fp32*8,fp64*7",fp64*15,fp64*15,True,5177106432,2588553216,,0,
37540378856-1-d05888b8,bridge/diclofenac/r2scan/mtzvpp,1,,stock,8.53,-1665.5325286016619,14,True,620800,1735,447,,,,,,,,,,0,
37540378856-1-d05888b8,bridge/fluconazole/r2scan/mtzvpp,1,,mixed,5.9105,-1105.7965438781391,14,True,679680,1884,523,"MixedPrecision(xc=True, k=False, vv10=False, xc_switch_tol=0.001, k_switch_tol=0.001, vv10_switch_tol=1e-05, ao_cache_fp64=True)",fp64+fp32,"fp32*9,fp64*6",fp64*15,fp64*15,True,6602981376,3301490688,,0,
37540378856-1-d05888b8,bridge/fluconazole/r2scan/mtzvpp,1,,stock,10.4127,-1105.7965438781391,14,True,679680,1884,523,,,,,,,,,,0,
37540378856-1-d05888b8,bridge/warfarin/r2scan/mtzvpp,1,,mixed,7.4164,-1034.342271918622,17,True,762624,2021,537,"MixedPrecision(xc=True, k=False, vv10=False, xc_switch_tol=0.001, k_switch_tol=0.001, vv10_switch_tol=1e-05, ao_cache_fp64=True)",fp64+fp32,"fp32*11,fp64*7",fp64*18,fp64*18,True,7095951360,3547975680,,0,
37540378856-1-d05888b8,bridge/warfarin/r2scan/mtzvpp,1,,stock,13.1456,-1034.3422719186215,17,True,762624,2021,537,,,,,,,,,,0,
37540378856-1-d05888b8,bridge/omeprazole/r2scan/mtzvpp,1,,mixed,8.2485,-1447.0603350340612,17,True,842752,2207,589,"MixedPrecision(xc=True, k=False, vv10=False, xc_switch_tol=0.001, k_switch_tol=0.001, vv10_switch_tol=1e-05, ao_cache_fp64=True)",fp64+fp32,"fp32*11,fp64*7",fp64*18,fp64*18,True,7309295616,3654647808,,0,
37540378856-1-d05888b8,bridge/omeprazole/r2scan/mtzvpp,1,,stock,14.9015,-1447.0603350340607,17,True,842752,2207,589,,,,,,,,,,0,
37540378856-1-d05888b8,bridge/celecoxib/r2scan/mtzvpp,1,,mixed,8.274,-1668.3950499430866,15,True,812544,2271,612,"MixedPrecision(xc=True, k=False, vv10=False, xc_switch_tol=0.001, k_switch_tol=0.001, vv10_switch_tol=1e-05, ao_cache_fp64=True)",fp64+fp32,"fp32*9,fp64*7",fp64*16,fp64*16,True,7357726720,3678863360,,0,
37540378856-1-d05888b8,bridge/celecoxib/r2scan/mtzvpp,1,,stock,13.3463,-1668.395049943087,15,True,812544,2271,612,,,,,,,,,,0,
