run_id,key,pair,run,arm,wall_s,e,cycles,converged,ngrids,naux,nao,policy,ao_cache_tier,xc,k,vv10,fp64_tail,ao_cache_bytes64,ao_cache_bytes32,cderi_types,cderi_bytes,error
37544474854-1-d05888b8,speed/metformin/r2scan/mtzvpp,0,,mixed,77.4886,-432.69146620525333,12,True,370176,883,251,"MixedPrecision(xc=True, k=False, vv10=False, xc_switch_tol=0.001, k_switch_tol=0.001, vv10_switch_tol=1e-05, ao_cache_fp64=True)",fp64+fp32,"fp32*8,fp64*5",fp64*13,fp64*13,True,2213838848,1106919424,,0,
37544474854-1-d05888b8,speed/metformin/r2scan/mtzvpp,0,,stock,2.695,-432.6914662052529,12,True,370176,883,251,,,,,,,,,,0,
37544474854-1-d05888b8,speed/metformin/r2scan/mtzvpp,1,,mixed,1.5287,-432.6914662052532,12,True,370176,883,251,"MixedPrecision(xc=True, k=False, vv10=False, xc_switch_tol=0.001, k_switch_tol=0.001, vv10_switch_tol=1e-05, ao_cache_fp64=True)",fp64+fp32,"fp32*8,fp64*5",fp64*13,fp64*13,True,2213838848,1106919424,,0,
37544474854-1-d05888b8,speed/metformin/r2scan/mtzvpp,1,,stock,3.3251,-432.691466205253,12,True,370176,883,251,,,,,,,,,,0,
37544474854-1-d05888b8,speed/metformin/r2scan/mtzvpp,2,,mixed,1.8139,-432.6914662052531,12,True,370176,883,251,"MixedPrecision(xc=True, k=False, vv10=False, xc_switch_tol=0.001, k_switch_tol=0.001, vv10_switch_tol=1e-05, ao_cache_fp64=True)",fp64+fp32,"fp32*8,fp64*5",fp64*13,fp64*13,True,2213838848,1106919424,,0,
37544474854-1-d05888b8,speed/metformin/r2scan/mtzvpp,2,,stock,2.7081,-432.69146620525333,12,True,370176,883,251,,,,,,,,,,0,
37544474854-1-d05888b8,speed/metformin/r2scan/mtzvpp,3,,mixed,1.529,-432.69146620525333,12,True,370176,883,251,"MixedPrecision(xc=True, k=False, vv10=False, xc_switch_tol=0.001, k_switch_tol=0.001, vv10_switch_tol=1e-05, ao_cache_fp64=True)",fp64+fp32,"fp32*8,fp64*5",fp64*13,fp64*13,True,2213838848,1106919424,,0,
37544474854-1-d05888b8,speed/metformin/r2scan/mtzvpp,3,,stock,2.6506,-432.6914662052532,12,True,370176,883,251,,,,,,,,,,0,
37544474854-1-d05888b8,speed/paracetamol/r2scan/mtzvpp,0,,mixed,1.7592,-515.3814799379101,13,True,385280,993,269,"MixedPrecision(xc=True, k=False, vv10=False, xc_switch_tol=0.001, k_switch_tol=0.001, vv10_switch_tol=1e-05, ao_cache_fp64=True)",fp64+fp32,"fp32*9,fp64*5",fp64*14,fp64*14,True,2242281472,1121140736,,0,
37544474854-1-d05888b8,speed/paracetamol/r2scan/mtzvpp,0,,stock,2.9191,-515.381479937911,13,True,385280,993,269,,,,,,,,,,0,
37544474854-1-d05888b8,speed/paracetamol/r2scan/mtzvpp,1,,mixed,1.7438,-515.3814799379101,13,True,385280,993,269,"MixedPrecision(xc=True, k=False, vv10=False, xc_switch_tol=0.001, k_switch_tol=0.001, vv10_switch_tol=1e-05, ao_cache_fp64=True)",fp64+fp32,"fp32*9,fp64*5",fp64*14,fp64*14,True,2242281472,1121140736,,0,
37544474854-1-d05888b8,speed/paracetamol/r2scan/mtzvpp,1,,stock,2.8706,-515.381479937911,13,True,385280,993,269,,,,,,,,,,0,
37544474854-1-d05888b8,speed/paracetamol/r2scan/mtzvpp,2,,mixed,1.7235,-515.3814799379105,13,True,385280,993,269,"MixedPrecision(xc=True, k=False, vv10=False, xc_switch_tol=0.001, k_switch_tol=0.001, vv10_switch_tol=1e-05, ao_cache_fp64=True)",fp64+fp32,"fp32*9,fp64*5",fp64*14,fp64*14,True,2242281472,1121140736,,0,
37544474854-1-d05888b8,speed/paracetamol/r2scan/mtzvpp,2,,stock,2.9824,-515.3814799379105,13,True,385280,993,269,,,,,,,,,,0,
37544474854-1-d05888b8,speed/paracetamol/r2scan/mtzvpp,3,,mixed,1.8267,-515.3814799379103,13,True,385280,993,269,"MixedPrecision(xc=True, k=False, vv10=False, xc_switch_tol=0.001, k_switch_tol=0.001, vv10_switch_tol=1e-05, ao_cache_fp64=True)",fp64+fp32,"fp32*9,fp64*5",fp64*14,fp64*14,True,2242281472,1121140736,,0,
37544474854-1-d05888b8,speed/paracetamol/r2scan/mtzvpp,3,,stock,2.8577,-515.381479937911,13,True,385280,993,269,,,,,,,,,,0,
37544474854-1-d05888b8,speed/nicotine/r2scan/mtzvpp,0,,mixed,2.3987,-498.8300208375115,12,True,483328,1156,308,"MixedPrecision(xc=True, k=False, vv10=False, xc_switch_tol=0.001, k_switch_tol=0.001, vv10_switch_tol=1e-05, ao_cache_fp64=True)",fp64+fp32,"fp32*8,fp64*5",fp64*13,fp64*13,True,3389128704,1694564352,,0,
37544474854-1-d05888b8,speed/nicotine/r2scan/mtzvpp,0,,stock,3.8654,-498.83002083751194,12,True,483328,1156,308,,,,,,,,,,0,
37544474854-1-d05888b8,speed/nicotine/r2scan/mtzvpp,1,,mixed,2.495,-498.83002083751194,12,True,483328,1156,308,"MixedPrecision(xc=True, k=False, vv10=False, xc_switch_tol=0.001, k_switch_tol=0.001, vv10_switch_tol=1e-05, ao_cache_fp64=True)",fp64+fp32,"fp32*8,fp64*5",fp64*13,fp64*13,True,3389128704,1694564352,,0,
37544474854-1-d05888b8,speed/nicotine/r2scan/mtzvpp,1,,stock,3.8202,-498.8300208375115,12,True,483328,1156,308,,,,,,,,,,0,
37544474854-1-d05888b8,speed/nicotine/r2scan/mtzvpp,2,,mixed,2.4398,-498.8300208375124,12,True,483328,1156,308,"MixedPrecision(xc=True, k=False, vv10=False, xc_switch_tol=0.001, k_switch_tol=0.001, vv10_switch_tol=1e-05, ao_cache_fp64=True)",fp64+fp32,"fp32*8,fp64*5",fp64*13,fp64*13,True,3389128704,1694564352,,0,
37544474854-1-d05888b8,speed/nicotine/r2scan/mtzvpp,2,,stock,3.8241,-498.8300208375117,12,True,483328,1156,308,,,,,,,,,,0,
37544474854-1-d05888b8,speed/nicotine/r2scan/mtzvpp,3,,mixed,2.4616,-498.83002083751194,12,True,483328,1156,308,"MixedPrecision(xc=True, k=False, vv10=False, xc_switch_tol=0.001, k_switch_tol=0.001, vv10_switch_tol=1e-05, ao_cache_fp64=True)",fp64+fp32,"fp32*8,fp64*5",fp64*13,fp64*13,True,3389128704,1694564352,,0,
37544474854-1-d05888b8,speed/nicotine/r2scan/mtzvpp,3,,stock,4.6735,-498.8300208375115,12,True,483328,1156,308,,,,,,,,,,0,
37544474854-1-d05888b8,speed/gabapentin/r2scan/mtzvpp,0,,mixed,2.6077,-558.2822780655164,12,True,528640,1212,328,"MixedPrecision(xc=True, k=False, vv10=False, xc_switch_tol=0.001, k_switch_tol=0.001, vv10_switch_tol=1e-05, ao_cache_fp64=True)",fp64+fp32,"fp32*9,fp64*4",fp64*13,fp64*13,True,3991240704,1995620352,,0,
37544474854-1-d05888b8,speed/gabapentin/r2scan/mtzvpp,0,,stock,4.2141,-558.2822780655162,12,True,528640,1212,328,,,,,,,,,,0,
37544474854-1-d05888b8,speed/gabapentin/r2scan/mtzvpp,1,,mixed,2.5626,-558.2822780655157,12,True,528640,1212,328,"MixedPrecision(xc=True, k=False, vv10=False, xc_switch_tol=0.001, k_switch_tol=0.001, vv10_switch_tol=1e-05, ao_cache_fp64=True)",fp64+fp32,"fp32*9,fp64*4",fp64*13,fp64*13,True,3991240704,1995620352,,0,
37544474854-1-d05888b8,speed/gabapentin/r2scan/mtzvpp,1,,stock,4.2398,-558.2822780655157,12,True,528640,1212,328,,,,,,,,,,0,
37544474854-1-d05888b8,speed/gabapentin/r2scan/mtzvpp,2,,mixed,2.488,-558.2822780655166,12,True,528640,1212,328,"MixedPrecision(xc=True, k=False, vv10=False, xc_switch_tol=0.001, k_switch_tol=0.001, vv10_switch_tol=1e-05, ao_cache_fp64=True)",fp64+fp32,"fp32*9,fp64*4",fp64*13,fp64*13,True,3991240704,1995620352,,0,
37544474854-1-d05888b8,speed/gabapentin/r2scan/mtzvpp,2,,stock,4.4256,-558.2822780655159,12,True,528640,1212,328,,,,,,,,,,0,
37544474854-1-d05888b8,speed/gabapentin/r2scan/mtzvpp,3,,mixed,2.4763,-558.2822780655157,12,True,528640,1212,328,"MixedPrecision(xc=True, k=False, vv10=False, xc_switch_tol=0.001, k_switch_tol=0.001, vv10_switch_tol=1e-05, ao_cache_fp64=True)",fp64+fp32,"fp32*9,fp64*4",fp64*13,fp64*13,True,3991240704,1995620352,,0,
37544474854-1-d05888b8,speed/gabapentin/r2scan/mtzvpp,3,,stock,4.3854,-558.2822780655162,12,True,528640,1212,328,,,,,,,,,,0,
37544474854-1-d05888b8,speed/aspirin/r2scan/mtzvpp,0,,mixed,5.2332,-648.5867378508125,14,True,415488,1127,307,"MixedPrecision(xc=True, k=False, vv10=False, xc_switch_tol=0.001, k_switch_tol=0.001, vv10_switch_tol=1e-05, ao_cache_fp64=True)",fp64+fp32,"fp32*9,fp64*6",fp64*15,fp64*15,True,2842025984,1421012992,,0,
37544474854-1-d05888b8,speed/aspirin/r2scan/mtzvpp,0,,stock,3.8698,-648.5867378508127,14,True,415488,1127,307,,,,,,,,,,0,
37544474854-1-d05888b8,speed/aspirin/r2scan/mtzvpp,1,,mixed,2.3353,-648.5867378508127,14,True,415488,1127,307,"MixedPrecision(xc=True, k=False, vv10=False, xc_switch_tol=0.001, k_switch_tol=0.001, vv10_switch_tol=1e-05, ao_cache_fp64=True)",fp64+fp32,"fp32*9,fp64*6",fp64*15,fp64*15,True,2842157056,1421078528,,0,
37544474854-1-d05888b8,speed/aspirin/r2scan/mtzvpp,1,,stock,3.8555,-648.5867378508127,14,True,415488,1127,307,,,,,,,,,,0,
37544474854-1-d05888b8,speed/aspirin/r2scan/mtzvpp,2,,mixed,2.3397,-648.5867378508129,14,True,415488,1127,307,"MixedPrecision(xc=True, k=False, vv10=False, xc_switch_tol=0.001, k_switch_tol=0.001, vv10_switch_tol=1e-05, ao_cache_fp64=True)",fp64+fp32,"fp32*9,fp64*6",fp64*15,fp64*15,True,2842157056,1421078528,,0,
37544474854-1-d05888b8,speed/aspirin/r2scan/mtzvpp,2,,stock,3.726,-648.5867378508129,14,True,415488,1127,307,,,,,,,,,,0,
37544474854-1-d05888b8,speed/aspirin/r2scan/mtzvpp,3,,mixed,3.6951,-648.5867378508127,14,True,415488,1127,307,"MixedPrecision(xc=True, k=False, vv10=False, xc_switch_tol=0.001, k_switch_tol=0.001, vv10_switch_tol=1e-05, ao_cache_fp64=True)",fp64+fp32,"fp32*9,fp64*6",fp64*15,fp64*15,True,2842025984,1421012992,,0,
37544474854-1-d05888b8,speed/aspirin/r2scan/mtzvpp,3,,stock,3.7067,-648.5867378508129,14,True,415488,1127,307,,,,,,,,,,0,
37544474854-1-d05888b8,speed/theophylline/r2scan/mtzvpp,0,,mixed,2.5738,-640.9480150380407,14,True,415488,1131,317,"MixedPrecision(xc=True, k=False, vv10=False, xc_switch_tol=0.001, k_switch_tol=0.001, vv10_switch_tol=1e-05, ao_cache_fp64=True)",fp64+fp32,"fp32*10,fp64*5",fp64*15,fp64*15,True,2983403520,1491701760,,0,
37544474854-1-d05888b8,speed/theophylline/r2scan/mtzvpp,0,,stock,3.7886,-640.9480150380409,14,True,415488,1131,317,,,,,,,,,,0,
37544474854-1-d05888b8,speed/theophylline/r2scan/mtzvpp,1,,mixed,2.3634,-640.9480150380402,14,True,415488,1131,317,"MixedPrecision(xc=True, k=False, vv10=False, xc_switch_tol=0.001, k_switch_tol=0.001, vv10_switch_tol=1e-05, ao_cache_fp64=True)",fp64+fp32,"fp32*10,fp64*5",fp64*15,fp64*15,True,2983403520,1491701760,,0,
37544474854-1-d05888b8,speed/theophylline/r2scan/mtzvpp,1,,stock,3.7234,-640.9480150380405,14,True,415488,1131,317,,,,,,,,,,0,
37544474854-1-d05888b8,speed/theophylline/r2scan/mtzvpp,2,,mixed,2.3588,-640.9480150380402,14,True,415488,1131,317,"MixedPrecision(xc=True, k=False, vv10=False, xc_switch_tol=0.001, k_switch_tol=0.001, vv10_switch_tol=1e-05, ao_cache_fp64=True)",fp64+fp32,"fp32*10,fp64*5",fp64*15,fp64*15,True,2983403520,1491701760,,0,
37544474854-1-d05888b8,speed/theophylline/r2scan/mtzvpp,2,,stock,3.9756,-640.9480150380405,14,True,415488,1131,317,,,,,,,,,,0,
37544474854-1-d05888b8,speed/theophylline/r2scan/mtzvpp,3,,mixed,2.3717,-640.9480150380407,14,True,415488,1131,317,"MixedPrecision(xc=True, k=False, vv10=False, xc_switch_tol=0.001, k_switch_tol=0.001, vv10_switch_tol=1e-05, ao_cache_fp64=True)",fp64+fp32,"fp32*10,fp64*5",fp64*15,fp64*15,True,2983403520,1491701760,,0,
37544474854-1-d05888b8,speed/theophylline/r2scan/mtzvpp,3,,stock,3.8321,-640.9480150380402,14,True,415488,1131,317,,,,,,,,,,0,
37544474854-1-d05888b8,speed/caffeine/r2scan/mtzvpp,0,,mixed,2.8778,-680.2427859221475,14,True,468224,1242,346,"MixedPrecision(xc=True, k=False, vv10=False, xc_switch_tol=0.001, k_switch_tol=0.001, vv10_switch_tol=1e-05, ao_cache_fp64=True)",fp64+fp32,"fp32*10,fp64*5",fp64*15,fp64*15,True,3506569216,1753284608,,0,
37544474854-1-d05888b8,speed/caffeine/r2scan/mtzvpp,0,,stock,4.4824,-680.2427859221486,14,True,468224,1242,346,,,,,,,,,,0,
37544474854-1-d05888b8,speed/caffeine/r2scan/mtzvpp,1,,mixed,2.7452,-680.2427859221482,14,True,468224,1242,346,"MixedPrecision(xc=True, k=False, vv10=False, xc_switch_tol=0.001, k_switch_tol=0.001, vv10_switch_tol=1e-05, ao_cache_fp64=True)",fp64+fp32,"fp32*10,fp64*5",fp64*15,fp64*15,True,3506569216,1753284608,,0,
37544474854-1-d05888b8,speed/caffeine/r2scan/mtzvpp,1,,stock,5.1012,-680.2427859221473,14,True,468224,1242,346,,,,,,,,,,0,
37544474854-1-d05888b8,speed/caffeine/r2scan/mtzvpp,2,,mixed,2.8509,-680.242785922148,14,True,468224,1242,346,"MixedPrecision(xc=True, k=False, vv10=False, xc_switch_tol=0.001, k_switch_tol=0.001, vv10_switch_tol=1e-05, ao_cache_fp64=True)",fp64+fp32,"fp32*10,fp64*5",fp64*15,fp64*15,True,3506569216,1753284608,,0,
37544474854-1-d05888b8,speed/caffeine/r2scan/mtzvpp,2,,stock,4.7496,-680.2427859221477,14,True,468224,1242,346,,,,,,,,,,0,
37544474854-1-d05888b8,speed/caffeine/r2scan/mtzvpp,3,,mixed,2.7822,-680.2427859221475,14,True,468224,1242,346,"MixedPrecision(xc=True, k=False, vv10=False, xc_switch_tol=0.001, k_switch_tol=0.001, vv10_switch_tol=1e-05, ao_cache_fp64=True)",fp64+fp32,"fp32*10,fp64*5",fp64*15,fp64*15,True,3506438144,1753219072,,0,
37544474854-1-d05888b8,speed/caffeine/r2scan/mtzvpp,3,,stock,4.4956,-680.2427859221477,14,True,468224,1242,346,,,,,,,,,,0,
37544474854-1-d05888b8,speed/levodopa/r2scan/mtzvpp,0,,mixed,2.8565,-705.1224984483766,14,True,483328,1258,346,"MixedPrecision(xc=True, k=False, vv10=False, xc_switch_tol=0.001, k_switch_tol=0.001, vv10_switch_tol=1e-05, ao_cache_fp64=True)",fp64+fp32,"fp32*9,fp64*6",fp64*15,fp64*15,True,3390308352,1695154176,,0,
37544474854-1-d05888b8,speed/levodopa/r2scan/mtzvpp,0,,stock,4.664,-705.1224984483764,14,True,483328,1258,346,,,,,,,,,,0,
37544474854-1-d05888b8,speed/levodopa/r2scan/mtzvpp,1,,mixed,2.8414,-705.1224984483764,14,True,483328,1258,346,"MixedPrecision(xc=True, k=False, vv10=False, xc_switch_tol=0.001, k_switch_tol=0.001, vv10_switch_tol=1e-05, ao_cache_fp64=True)",fp64+fp32,"fp32*9,fp64*6",fp64*15,fp64*15,True,3390308352,1695154176,,0,
37544474854-1-d05888b8,speed/levodopa/r2scan/mtzvpp,1,,stock,4.7638,-705.1224984483769,14,True,483328,1258,346,,,,,,,,,,0,
37544474854-1-d05888b8,speed/levodopa/r2scan/mtzvpp,2,,mixed,2.9109,-705.1224984483771,14,True,483328,1258,346,"MixedPrecision(xc=True, k=False, vv10=False, xc_switch_tol=0.001, k_switch_tol=0.001, vv10_switch_tol=1e-05, ao_cache_fp64=True)",fp64+fp32,"fp32*9,fp64*6",fp64*15,fp64*15,True,3390308352,1695154176,,0,
37544474854-1-d05888b8,speed/levodopa/r2scan/mtzvpp,2,,stock,4.5882,-705.1224984483764,14,True,483328,1258,346,,,,,,,,,,0,
37544474854-1-d05888b8,speed/levodopa/r2scan/mtzvpp,3,,mixed,2.9364,-705.1224984483753,14,True,483328,1258,346,"MixedPrecision(xc=True, k=False, vv10=False, xc_switch_tol=0.001, k_switch_tol=0.001, vv10_switch_tol=1e-05, ao_cache_fp64=True)",fp64+fp32,"fp32*9,fp64*6",fp64*15,fp64*15,True,3390308352,1695154176,,0,
37544474854-1-d05888b8,speed/levodopa/r2scan/mtzvpp,3,,stock,4.5958,-705.1224984483764,14,True,483328,1258,346,,,,,,,,,,0,
37544474854-1-d05888b8,speed/ibuprofen/r2scan/mtzvpp,0,,mixed,3.5816,-656.5422410927076,13,True,611584,1453,385,"MixedPrecision(xc=True, k=False, vv10=False, xc_switch_tol=0.001, k_switch_tol=0.001, vv10_switch_tol=1e-05, ao_cache_fp64=True)",fp64+fp32,"fp32*8,fp64*6",fp64*14,fp64*14,True,4386955264,2193477632,,0,
37544474854-1-d05888b8,speed/ibuprofen/r2scan/mtzvpp,0,,stock,5.8035,-656.5422410927076,13,True,611584,1453,385,,,,,,,,,,0,
37544474854-1-d05888b8,speed/ibuprofen/r2scan/mtzvpp,1,,mixed,3.5579,-656.5422410927079,13,True,611584,1453,385,"MixedPrecision(xc=True, k=False, vv10=False, xc_switch_tol=0.001, k_switch_tol=0.001, vv10_switch_tol=1e-05, ao_cache_fp64=True)",fp64+fp32,"fp32*8,fp64*6",fp64*14,fp64*14,True,4386955264,2193477632,,0,
37544474854-1-d05888b8,speed/ibuprofen/r2scan/mtzvpp,1,,stock,5.711,-656.5422410927074,13,True,611584,1453,385,,,,,,,,,,0,
37544474854-1-d05888b8,speed/ibuprofen/r2scan/mtzvpp,2,,mixed,3.5651,-656.5422410927074,13,True,611584,1453,385,"MixedPrecision(xc=True, k=False, vv10=False, xc_switch_tol=0.001, k_switch_tol=0.001, vv10_switch_tol=1e-05, ao_cache_fp64=True)",fp64+fp32,"fp32*8,fp64*6",fp64*14,fp64*14,True,4386955264,2193477632,,0,
37544474854-1-d05888b8,speed/ibuprofen/r2scan/mtzvpp,2,,stock,5.6431,-656.5422410927076,13,True,611584,1453,385,,,,,,,,,,0,
37544474854-1-d05888b8,speed/ibuprofen/r2scan/mtzvpp,3,,mixed,3.5218,-656.5422410927081,13,True,611584,1453,385,"MixedPrecision(xc=True, k=False, vv10=False, xc_switch_tol=0.001, k_switch_tol=0.001, vv10_switch_tol=1e-05, ao_cache_fp64=True)",fp64+fp32,"fp32*8,fp64*6",fp64*14,fp64*14,True,4386955264,2193477632,,0,
37544474854-1-d05888b8,speed/ibuprofen/r2scan/mtzvpp,3,,stock,5.7399,-656.5422410927079,13,True,611584,1453,385,,,,,,,,,,0,
37544474854-1-d05888b8,speed/naproxen/r2scan/mtzvpp,0,,mixed,3.468,-767.4423859549363,14,True,596480,1533,408,"MixedPrecision(xc=True, k=False, vv10=False, xc_switch_tol=0.001, k_switch_tol=0.001, vv10_switch_tol=1e-05, ao_cache_fp64=True)",fp64+fp32,"fp32*10,fp64*5",fp64*15,fp64*15,True,4393893888,2196946944,,0,
37544474854-1-d05888b8,speed/naproxen/r2scan/mtzvpp,0,,stock,5.9002,-767.4423859549365,14,True,596480,1533,408,,,,,,,,,,0,
37544474854-1-d05888b8,speed/naproxen/r2scan/mtzvpp,1,,mixed,3.4811,-767.4423859549368,14,True,596480,1533,408,"MixedPrecision(xc=True, k=False, vv10=False, xc_switch_tol=0.001, k_switch_tol=0.001, vv10_switch_tol=1e-05, ao_cache_fp64=True)",fp64+fp32,"fp32*10,fp64*5",fp64*15,fp64*15,True,4393893888,2196946944,,0,
37544474854-1-d05888b8,speed/naproxen/r2scan/mtzvpp,1,,stock,5.934,-767.4423859549365,14,True,596480,1533,408,,,,,,,,,,0,
37544474854-1-d05888b8,speed/naproxen/r2scan/mtzvpp,2,,mixed,3.4568,-767.4423859549363,14,True,596480,1533,408,"MixedPrecision(xc=True, k=False, vv10=False, xc_switch_tol=0.001, k_switch_tol=0.001, vv10_switch_tol=1e-05, ao_cache_fp64=True)",fp64+fp32,"fp32*10,fp64*5",fp64*15,fp64*15,True,4393893888,2196946944,,0,
37544474854-1-d05888b8,speed/naproxen/r2scan/mtzvpp,2,,stock,6.0826,-767.4423859549363,14,True,596480,1533,408,,,,,,,,,,0,
37544474854-1-d05888b8,speed/naproxen/r2scan/mtzvpp,3,,mixed,3.5774,-767.4423859549358,14,True,596480,1533,408,"MixedPrecision(xc=True, k=False, vv10=False, xc_switch_tol=0.001, k_switch_tol=0.001, vv10_switch_tol=1e-05, ao_cache_fp64=True)",fp64+fp32,"fp32*10,fp64*5",fp64*15,fp64*15,True,4393893888,2196946944,,0,
37544474854-1-d05888b8,speed/naproxen/r2scan/mtzvpp,3,,stock,5.8385,-767.4423859549368,14,True,596480,1533,408,,,,,,,,,,0,
37544474854-1-d05888b8,speed/lidocaine/r2scan/mtzvpp,0,,mixed,4.2926,-731.277570178311,13,True,717312,1677,448,"MixedPrecision(xc=True, k=False, vv10=False, xc_switch_tol=0.001, k_switch_tol=0.001, vv10_switch_tol=1e-05, ao_cache_fp64=True)",fp64+fp32,"fp32*10,fp64*4",fp64*14,fp64*14,True,5859049472,2929524736,,0,
37544474854-1-d05888b8,speed/lidocaine/r2scan/mtzvpp,0,,stock,7.9082,-731.2775701783121,13,True,717312,1677,448,,,,,,,,,,0,
37544474854-1-d05888b8,speed/lidocaine/r2scan/mtzvpp,1,,mixed,4.2421,-731.2775701783119,13,True,717312,1677,448,"MixedPrecision(xc=True, k=False, vv10=False, xc_switch_tol=0.001, k_switch_tol=0.001, vv10_switch_tol=1e-05, ao_cache_fp64=True)",fp64+fp32,"fp32*10,fp64*4",fp64*14,fp64*14,True,5859049472,2929524736,,0,
37544474854-1-d05888b8,speed/lidocaine/r2scan/mtzvpp,1,,stock,7.8875,-731.2775701783119,13,True,717312,1677,448,,,,,,,,,,0,
37544474854-1-d05888b8,speed/lidocaine/r2scan/mtzvpp,2,,mixed,4.1576,-731.2775701783119,13,True,717312,1677,448,"MixedPrecision(xc=True, k=False, vv10=False, xc_switch_tol=0.001, k_switch_tol=0.001, vv10_switch_tol=1e-05, ao_cache_fp64=True)",fp64+fp32,"fp32*10,fp64*4",fp64*14,fp64*14,True,5859049472,2929524736,,0,
37544474854-1-d05888b8,speed/lidocaine/r2scan/mtzvpp,2,,stock,8.1199,-731.2775701783125,13,True,717312,1677,448,,,,,,,,,,0,
37544474854-1-d05888b8,speed/lidocaine/r2scan/mtzvpp,3,,mixed,4.4477,-731.2775701783116,13,True,717312,1677,448,"MixedPrecision(xc=True, k=False, vv10=False, xc_switch_tol=0.001, k_switch_tol=0.001, vv10_switch_tol=1e-05, ao_cache_fp64=True)",fp64+fp32,"fp32*10,fp64*4",fp64*14,fp64*14,True,5859049472,2929524736,,0,
37544474854-1-d05888b8,speed/lidocaine/r2scan/mtzvpp,3,,stock,8.2382,-731.2775701783123,13,True,717312,1677,448,,,,,,,,,,0,
37544474854-1-d05888b8,speed/salbutamol/r2scan/mtzvpp,0,,mixed,4.4151,-788.2637200167399,13,True,702208,1661,448,"MixedPrecision(xc=True, k=False, vv10=False, xc_switch_tol=0.001, k_switch_tol=0.001, vv10_switch_tol=1e-05, ao_cache_fp64=True)",fp64+fp32,"fp32*9,fp64*5",fp64*14,fp64*14,True,5538906112,2769453056,,0,
37544474854-1-d05888b8,speed/salbutamol/r2scan/mtzvpp,0,,stock,7.4849,-788.2637200167408,13,True,702208,1661,448,,,,,,,,,,0,
37544474854-1-d05888b8,speed/salbutamol/r2scan/mtzvpp,1,,mixed,4.3518,-788.2637200167392,13,True,702208,1661,448,"MixedPrecision(xc=True, k=False, vv10=False, xc_switch_tol=0.001, k_switch_tol=0.001, vv10_switch_tol=1e-05, ao_cache_fp64=True)",fp64+fp32,"fp32*9,fp64*5",fp64*14,fp64*14,True,5538906112,2769453056,,0,
37544474854-1-d05888b8,speed/salbutamol/r2scan/mtzvpp,1,,stock,7.2811,-788.2637200167399,13,True,702208,1661,448,,,,,,,,,,0,
37544474854-1-d05888b8,speed/salbutamol/r2scan/mtzvpp,2,,mixed,4.4,-788.2637200167401,13,True,702208,1661,448,"MixedPrecision(xc=True, k=False, vv10=False, xc_switch_tol=0.001, k_switch_tol=0.001, vv10_switch_tol=1e-05, ao_cache_fp64=True)",fp64+fp32,"fp32*9,fp64*5",fp64*14,fp64*14,True,5538906112,2769453056,,0,
37544474854-1-d05888b8,speed/salbutamol/r2scan/mtzvpp,2,,stock,7.3075,-788.2637200167405,13,True,702208,1661,448,,,,,,,,,,0,
37544474854-1-d05888b8,speed/salbutamol/r2scan/mtzvpp,3,,mixed,4.2124,-788.263720016741,13,True,702208,1661,448,"MixedPrecision(xc=True, k=False, vv10=False, xc_switch_tol=0.001, k_switch_tol=0.001, vv10_switch_tol=1e-05, ao_cache_fp64=True)",fp64+fp32,"fp32*9,fp64*5",fp64*14,fp64*14,True,5538906112,2769453056,,0,
37544474854-1-d05888b8,speed/salbutamol/r2scan/mtzvpp,3,,stock,7.2365,-788.263720016741,13,True,702208,1661,448,,,,,,,,,,0,
37544474854-1-d05888b8,speed/phenytoin/r2scan/mtzvpp,0,,mixed,4.9721,-838.6298230520338,14,True,611584,1649,441,"MixedPrecision(xc=True, k=False, vv10=False, xc_switch_tol=0.001, k_switch_tol=0.001, vv10_switch_tol=1e-05, ao_cache_fp64=True)",fp64+fp32,"fp32*10,fp64*5",fp64*15,fp64*15,True,5365792768,2682896384,,0,
37544474854-1-d05888b8,speed/phenytoin/r2scan/mtzvpp,0,,stock,9.2062,-838.6298230520338,14,True,611584,1649,441,,,,,,,,,,0,
37544474854-1-d05888b8,speed/phenytoin/r2scan/mtzvpp,1,,mixed,4.843,-838.6298230520347,14,True,611584,1649,441,"MixedPrecision(xc=True, k=False, vv10=False, xc_switch_tol=0.001, k_switch_tol=0.001, vv10_switch_tol=1e-05, ao_cache_fp64=True)",fp64+fp32,"fp32*10,fp64*5",fp64*15,fp64*15,True,5367496704,2683748352,,0,
37544474854-1-d05888b8,speed/phenytoin/r2scan/mtzvpp,1,,stock,9.1714,-838.6298230520338,14,True,611584,1649,441,,,,,,,,,,0,
37544474854-1-d05888b8,speed/phenytoin/r2scan/mtzvpp,2,,mixed,4.8018,-838.6298230520347,14,True,611584,1649,441,"MixedPrecision(xc=True, k=False, vv10=False, xc_switch_tol=0.001, k_switch_tol=0.001, vv10_switch_tol=1e-05, ao_cache_fp64=True)",fp64+fp32,"fp32*10,fp64*5",fp64*15,fp64*15,True,5365792768,2682896384,,0,
37544474854-1-d05888b8,speed/phenytoin/r2scan/mtzvpp,2,,stock,9.308,-838.6298230520333,14,True,611584,1649,441,,,,,,,,,,0,
37544474854-1-d05888b8,speed/phenytoin/r2scan/mtzvpp,3,,mixed,5.2847,-838.6298230520347,14,True,611584,1649,441,"MixedPrecision(xc=True, k=False, vv10=False, xc_switch_tol=0.001, k_switch_tol=0.001, vv10_switch_tol=1e-05, ao_cache_fp64=True)",fp64+fp32,"fp32*10,fp64*5",fp64*15,fp64*15,True,5365792768,2682896384,,0,
37544474854-1-d05888b8,speed/phenytoin/r2scan/mtzvpp,3,,stock,10.1395,-838.6298230520338,14,True,611584,1649,441,,,,,,,,,,0,
37544474854-1-d05888b8,speed/ketoprofen/r2scan/mtzvpp,0,,mixed,4.2927,-843.642633817168,15,True,641792,1683,446,"MixedPrecision(xc=True, k=False, vv10=False, xc_switch_tol=0.001, k_switch_tol=0.001, vv10_switch_tol=1e-05, ao_cache_fp64=True)",fp64+fp32,"fp32*11,fp64*5",fp64*16,fp64*16,True,5125210112,2562605056,,0,
37544474854-1-d05888b8,speed/ketoprofen/r2scan/mtzvpp,0,,stock,7.6213,-843.6426338171666,15,True,641792,1683,446,,,,,,,,,,0,
37544474854-1-d05888b8,speed/ketoprofen/r2scan/mtzvpp,1,,mixed,4.4822,-843.6426338171675,15,True,641792,1683,446,"MixedPrecision(xc=True, k=False, vv10=False, xc_switch_tol=0.001, k_switch_tol=0.001, vv10_switch_tol=1e-05, ao_cache_fp64=True)",fp64+fp32,"fp32*11,fp64*5",fp64*16,fp64*16,True,5125210112,2562605056,,0,
37544474854-1-d05888b8,speed/ketoprofen/r2scan/mtzvpp,1,,stock,7.8284,-843.6426338171666,15,True,641792,1683,446,,,,,,,,,,0,
37544474854-1-d05888b8,speed/ketoprofen/r2scan/mtzvpp,2,,mixed,4.2478,-843.642633817168,15,True,641792,1683,446,"MixedPrecision(xc=True, k=False, vv10=False, xc_switch_tol=0.001, k_switch_tol=0.001, vv10_switch_tol=1e-05, ao_cache_fp64=True)",fp64+fp32,"fp32*11,fp64*5",fp64*16,fp64*16,True,5125210112,2562605056,,0,
37544474854-1-d05888b8,speed/ketoprofen/r2scan/mtzvpp,2,,stock,7.5999,-843.6426338171657,15,True,641792,1683,446,,,,,,,,,,0,
37544474854-1-d05888b8,speed/ketoprofen/r2scan/mtzvpp,3,,mixed,4.2603,-843.6426338171684,15,True,641792,1683,446,"MixedPrecision(xc=True, k=False, vv10=False, xc_switch_tol=0.001, k_switch_tol=0.001, vv10_switch_tol=1e-05, ao_cache_fp64=True)",fp64+fp32,"fp32*11,fp64*5",fp64*16,fp64*16,True,5125210112,2562605056,,0,
37544474854-1-d05888b8,speed/ketoprofen/r2scan/mtzvpp,3,,stock,7.5481,-843.6426338171666,15,True,641792,1683,446,,,,,,,,,,0,
37544474854-1-d05888b8,speed/diphenhydramine/r2scan/mtzvpp,0,,mixed,5.1017,-790.1837092856063,13,True,747520,1807,476,"MixedPrecision(xc=True, k=False, vv10=False, xc_switch_tol=0.001, k_switch_tol=0.001, vv10_switch_tol=1e-05, ao_cache_fp64=True)",fp64+fp32,"fp32*8,fp64*6",fp64*14,fp64*14,True,5999689728,2999844864,,0,
37544474854-1-d05888b8,speed/diphenhydramine/r2scan/mtzvpp,0,,stock,8.2035,-790.1837092856063,13,True,747520,1807,476,,,,,,,,,,0,
37544474854-1-d05888b8,speed/diphenhydramine/r2scan/mtzvpp,1,,mixed,5.0912,-790.1837092856072,13,True,747520,1807,476,"MixedPrecision(xc=True, k=False, vv10=False, xc_switch_tol=0.001, k_switch_tol=0.001, vv10_switch_tol=1e-05, ao_cache_fp64=True)",fp64+fp32,"fp32*8,fp64*6",fp64*14,fp64*14,True,5999427584,2999713792,,0,
37544474854-1-d05888b8,speed/diphenhydramine/r2scan/mtzvpp,1,,stock,9.1246,-790.1837092856072,13,True,747520,1807,476,,,,,,,,,,0,
37544474854-1-d05888b8,speed/diphenhydramine/r2scan/mtzvpp,2,,mixed,5.9519,-790.1837092856063,13,True,747520,1807,476,"MixedPrecision(xc=True, k=False, vv10=False, xc_switch_tol=0.001, k_switch_tol=0.001, vv10_switch_tol=1e-05, ao_cache_fp64=True)",fp64+fp32,"fp32*8,fp64*6",fp64*14,fp64*14,True,5999820800,2999910400,,0,
37544474854-1-d05888b8,speed/diphenhydramine/r2scan/mtzvpp,2,,stock,8.5188,-790.1837092856063,13,True,747520,1807,476,,,,,,,,,,0,
37544474854-1-d05888b8,speed/diphenhydramine/r2scan/mtzvpp,3,,mixed,5.4539,-790.1837092856067,13,True,747520,1807,476,"MixedPrecision(xc=True, k=False, vv10=False, xc_switch_tol=0.001, k_switch_tol=0.001, vv10_switch_tol=1e-05, ao_cache_fp64=True)",fp64+fp32,"fp32*8,fp64*6",fp64*14,fp64*14,True,6001917952,3000958976,,0,
37544474854-1-d05888b8,speed/diphenhydramine/r2scan/mtzvpp,3,,stock,8.291,-790.1837092856063,13,True,747520,1807,476,,,,,,,,,,0,
37544474854-1-d05888b8,speed/propranolol/r2scan/mtzvpp,0,,mixed,5.3858,-827.3346047560121,13,True,747520,1809,481,"MixedPrecision(xc=True, k=False, vv10=False, xc_switch_tol=0.001, k_switch_tol=0.001, vv10_switch_tol=1e-05, ao_cache_fp64=True)",fp64+fp32,"fp32*8,fp64*6",fp64*14,fp64*14,True,5783289856,2891644928,,0,
37544474854-1-d05888b8,speed/propranolol/r2scan/mtzvpp,0,,stock,8.6812,-827.334604756013,13,True,747520,1809,481,,,,,,,,,,0,
37544474854-1-d05888b8,speed/propranolol/r2scan/mtzvpp,1,,mixed,5.0784,-827.3346047560112,13,True,747520,1809,481,"MixedPrecision(xc=True, k=False, vv10=False, xc_switch_tol=0.001, k_switch_tol=0.001, vv10_switch_tol=1e-05, ao_cache_fp64=True)",fp64+fp32,"fp32*8,fp64*6",fp64*14,fp64*14,True,5783289856,2891644928,,0,
37544474854-1-d05888b8,speed/propranolol/r2scan/mtzvpp,1,,stock,8.3787,-827.3346047560126,13,True,747520,1809,481,,,,,,,,,,0,
37544474854-1-d05888b8,speed/propranolol/r2scan/mtzvpp,2,,mixed,5.1455,-827.334604756013,13,True,747520,1809,481,"MixedPrecision(xc=True, k=False, vv10=False, xc_switch_tol=0.001, k_switch_tol=0.001, vv10_switch_tol=1e-05, ao_cache_fp64=True)",fp64+fp32,"fp32*8,fp64*6",fp64*14,fp64*14,True,5783289856,2891644928,,0,
37544474854-1-d05888b8,speed/propranolol/r2scan/mtzvpp,2,,stock,8.5555,-827.3346047560121,13,True,747520,1809,481,,,,,,,,,,0,
37544474854-1-d05888b8,speed/propranolol/r2scan/mtzvpp,3,,mixed,5.124,-827.3346047560121,13,True,747520,1809,481,"MixedPrecision(xc=True, k=False, vv10=False, xc_switch_tol=0.001, k_switch_tol=0.001, vv10_switch_tol=1e-05, ao_cache_fp64=True)",fp64+fp32,"fp32*8,fp64*6",fp64*14,fp64*14,True,5783289856,2891644928,,0,
37544474854-1-d05888b8,speed/propranolol/r2scan/mtzvpp,3,,stock,8.6588,-827.3346047560126,13,True,747520,1809,481,,,,,,,,,,0,
37544474854-1-d05888b8,speed/atenolol/r2scan/mtzvpp,0,,mixed,5.3668,-881.7228799185943,14,True,762624,1831,496,"MixedPrecision(xc=True, k=False, vv10=False, xc_switch_tol=0.001, k_switch_tol=0.001, vv10_switch_tol=1e-05, ao_cache_fp64=True)",fp64+fp32,"fp32*9,fp64*6",fp64*15,fp64*15,True,5696626688,2848313344,,0,
37544474854-1-d05888b8,speed/atenolol/r2scan/mtzvpp,0,,stock,8.736,-881.7228799185948,14,True,762624,1831,496,,,,,,,,,,0,
37544474854-1-d05888b8,speed/atenolol/r2scan/mtzvpp,1,,mixed,5.2548,-881.7228799185934,14,True,762624,1831,496,"MixedPrecision(xc=True, k=False, vv10=False, xc_switch_tol=0.001, k_switch_tol=0.001, vv10_switch_tol=1e-05, ao_cache_fp64=True)",fp64+fp32,"fp32*9,fp64*6",fp64*15,fp64*15,True,5696626688,2848313344,,0,
37544474854-1-d05888b8,speed/atenolol/r2scan/mtzvpp,1,,stock,8.735,-881.7228799185943,14,True,762624,1831,496,,,,,,,,,,0,
37544474854-1-d05888b8,speed/atenolol/r2scan/mtzvpp,2,,mixed,5.503,-881.7228799185934,14,True,762624,1831,496,"MixedPrecision(xc=True, k=False, vv10=False, xc_switch_tol=0.001, k_switch_tol=0.001, vv10_switch_tol=1e-05, ao_cache_fp64=True)",fp64+fp32,"fp32*9,fp64*6",fp64*15,fp64*15,True,5696626688,2848313344,,0,
37544474854-1-d05888b8,speed/atenolol/r2scan/mtzvpp,2,,stock,8.6719,-881.7228799185939,14,True,762624,1831,496,,,,,,,,,,0,
37544474854-1-d05888b8,speed/atenolol/r2scan/mtzvpp,3,,mixed,5.5998,-881.7228799185943,14,True,762624,1831,496,"MixedPrecision(xc=True, k=False, vv10=False, xc_switch_tol=0.001, k_switch_tol=0.001, vv10_switch_tol=1e-05, ao_cache_fp64=True)",fp64+fp32,"fp32*9,fp64*6",fp64*15,fp64*15,True,5696626688,2848313344,,0,
37544474854-1-d05888b8,speed/atenolol/r2scan/mtzvpp,3,,stock,8.7766,-881.7228799185943,14,True,762624,1831,496,,,,,,,,,,0,
37544474854-1-d05888b8,speed/metoprolol/r2scan/mtzvpp,0,,mixed,4.5931,-866.8283151098826,13,True,807936,1883,506,"MixedPrecision(xc=True, k=False, vv10=False, xc_switch_tol=0.001, k_switch_tol=0.001, vv10_switch_tol=1e-05, ao_cache_fp64=True)",fp64+fp32,"fp32*9,fp64*5",fp64*14,fp64*14,True,6125060096,3062530048,,0,
37544474854-1-d05888b8,speed/metoprolol/r2scan/mtzvpp,0,,stock,7.6478,-866.8283151098826,13,True,807936,1883,506,,,,,,,,,,0,
37544474854-1-d05888b8,speed/metoprolol/r2scan/mtzvpp,1,,mixed,4.8417,-866.8283151098826,13,True,807936,1883,506,"MixedPrecision(xc=True, k=False, vv10=False, xc_switch_tol=0.001, k_switch_tol=0.001, vv10_switch_tol=1e-05, ao_cache_fp64=True)",fp64+fp32,"fp32*9,fp64*5",fp64*14,fp64*14,True,6125060096,3062530048,,0,
37544474854-1-d05888b8,speed/metoprolol/r2scan/mtzvpp,1,,stock,7.7578,-866.8283151098817,13,True,807936,1883,506,,,,,,,,,,0,
37544474854-1-d05888b8,speed/metoprolol/r2scan/mtzvpp,2,,mixed,4.5922,-866.8283151098826,13,True,807936,1883,506,"MixedPrecision(xc=True, k=False, vv10=False, xc_switch_tol=0.001, k_switch_tol=0.001, vv10_switch_tol=1e-05, ao_cache_fp64=True)",fp64+fp32,"fp32*9,fp64*5",fp64*14,fp64*14,True,6125060096,3062530048,,0,
37544474854-1-d05888b8,speed/metoprolol/r2scan/mtzvpp,2,,stock,7.7337,-866.8283151098831,13,True,807936,1883,506,,,,,,,,,,0,
37544474854-1-d05888b8,speed/metoprolol/r2scan/mtzvpp,3,,mixed,4.937,-866.8283151098822,13,True,807936,1883,506,"MixedPrecision(xc=True, k=False, vv10=False, xc_switch_tol=0.001, k_switch_tol=0.001, vv10_switch_tol=1e-05, ao_cache_fp64=True)",fp64+fp32,"fp32*9,fp64*5",fp64*14,fp64*14,True,6125060096,3062530048,,0,
37544474854-1-d05888b8,speed/metoprolol/r2scan/mtzvpp,3,,stock,8.0249,-866.8283151098826,13,True,807936,1883,506,,,,,,,,,,0,
37544474854-1-d05888b8,speed/trimethoprim/r2scan/mtzvpp,0,,mixed,4.8096,-988.7618383073902,13,True,747520,1913,524,"MixedPrecision(xc=True, k=False, vv10=False, xc_switch_tol=0.001, k_switch_tol=0.001, vv10_switch_tol=1e-05, ao_cache_fp64=True)",fp64+fp32,"fp32*10,fp64*4",fp64*14,fp64*14,True,6629359616,3314679808,,0,
37544474854-1-d05888b8,speed/trimethoprim/r2scan/mtzvpp,0,,stock,9.279,-988.761838307392,13,True,747520,1913,524,,,,,,,,,,0,
37544474854-1-d05888b8,speed/trimethoprim/r2scan/mtzvpp,1,,mixed,4.7686,-988.7618383073907,13,True,747520,1913,524,"MixedPrecision(xc=True, k=False, vv10=False, xc_switch_tol=0.001, k_switch_tol=0.001, vv10_switch_tol=1e-05, ao_cache_fp64=True)",fp64+fp32,"fp32*10,fp64*4",fp64*14,fp64*14,True,6629359616,3314679808,,0,
37544474854-1-d05888b8,speed/trimethoprim/r2scan/mtzvpp,1,,stock,9.1884,-988.7618383073925,13,True,747520,1913,524,,,,,,,,,,0,
37544474854-1-d05888b8,speed/trimethoprim/r2scan/mtzvpp,2,,mixed,4.9145,-988.7618383073902,13,True,747520,1913,524,"MixedPrecision(xc=True, k=False, vv10=False, xc_switch_tol=0.001, k_switch_tol=0.001, vv10_switch_tol=1e-05, ao_cache_fp64=True)",fp64+fp32,"fp32*10,fp64*4",fp64*14,fp64*14,True,6629359616,3314679808,,0,
37544474854-1-d05888b8,speed/trimethoprim/r2scan/mtzvpp,2,,stock,9.8325,-988.7618383073939,13,True,747520,1913,524,,,,,,,,,,0,
37544474854-1-d05888b8,speed/trimethoprim/r2scan/mtzvpp,3,,mixed,4.6997,-988.7618383073916,13,True,747520,1913,524,"MixedPrecision(xc=True, k=False, vv10=False, xc_switch_tol=0.001, k_switch_tol=0.001, vv10_switch_tol=1e-05, ao_cache_fp64=True)",fp64+fp32,"fp32*10,fp64*4",fp64*14,fp64*14,True,6629359616,3314679808,,0,
37544474854-1-d05888b8,speed/trimethoprim/r2scan/mtzvpp,3,,stock,9.1568,-988.7618383073939,13,True,747520,1913,524,,,,,,,,,,0,
37544474854-1-d05888b8,speed/diclofenac/r2scan/mtzvpp,0,,mixed,5.5786,-1665.5325286016614,14,True,620800,1735,447,"MixedPrecision(xc=True, k=False, vv10=False, xc_switch_tol=0.001, k_switch_tol=0.001, vv10_switch_tol=1e-05, ao_cache_fp64=True)",fp64+fp32,"fp32*8,fp64*7",fp64*15,fp64*15,True,5177106432,2588553216,,0,
37544474854-1-d05888b8,speed/diclofenac/r2scan/mtzvpp,0,,stock,8.7185,-1665.532528601661,14,True,620800,1735,447,,,,,,,,,,0,
37544474854-1-d05888b8,speed/diclofenac/r2scan/mtzvpp,1,,mixed,5.7729,-1665.532528601661,14,True,620800,1735,447,"MixedPrecision(xc=True, k=False, vv10=False, xc_switch_tol=0.001, k_switch_tol=0.001, vv10_switch_tol=1e-05, ao_cache_fp64=True)",fp64+fp32,"fp32*8,fp64*7",fp64*15,fp64*15,True,5177106432,2588553216,,0,
37544474854-1-d05888b8,speed/diclofenac/r2scan/mtzvpp,1,,stock,9.6304,-1665.5325286016619,14,True,620800,1735,447,,,,,,,,,,0,
37544474854-1-d05888b8,speed/diclofenac/r2scan/mtzvpp,2,,mixed,5.448,-1665.532528601661,14,True,620800,1735,447,"MixedPrecision(xc=True, k=False, vv10=False, xc_switch_tol=0.001, k_switch_tol=0.001, vv10_switch_tol=1e-05, ao_cache_fp64=True)",fp64+fp32,"fp32*8,fp64*7",fp64*15,fp64*15,True,5177106432,2588553216,,0,
37544474854-1-d05888b8,speed/diclofenac/r2scan/mtzvpp,2,,stock,8.6365,-1665.532528601661,14,True,620800,1735,447,,,,,,,,,,0,
37544474854-1-d05888b8,speed/diclofenac/r2scan/mtzvpp,3,,mixed,5.35,-1665.53252860166,14,True,620800,1735,447,"MixedPrecision(xc=True, k=False, vv10=False, xc_switch_tol=0.001, k_switch_tol=0.001, vv10_switch_tol=1e-05, ao_cache_fp64=True)",fp64+fp32,"fp32*8,fp64*7",fp64*15,fp64*15,True,5177106432,2588553216,,0,
37544474854-1-d05888b8,speed/diclofenac/r2scan/mtzvpp,3,,stock,8.6397,-1665.5325286016596,14,True,620800,1735,447,,,,,,,,,,0,
37544474854-1-d05888b8,speed/fluconazole/r2scan/mtzvpp,0,,mixed,5.0776,-1105.7965438780163,13,True,679680,1884,523,"MixedPrecision(xc=True, k=False, vv10=False, xc_switch_tol=0.001, k_switch_tol=0.001, vv10_switch_tol=1e-05, ao_cache_fp64=True)",fp64+fp32,"fp32*9,fp64*5",fp64*14,fp64*14,True,6602981376,3301490688,,0,
37544474854-1-d05888b8,speed/fluconazole/r2scan/mtzvpp,0,,stock,9.4181,-1105.7965438780186,13,True,679680,1884,523,,,,,,,,,,0,
37544474854-1-d05888b8,speed/fluconazole/r2scan/mtzvpp,1,,mixed,5.6059,-1105.7965438780168,13,True,679680,1884,523,"MixedPrecision(xc=True, k=False, vv10=False, xc_switch_tol=0.001, k_switch_tol=0.001, vv10_switch_tol=1e-05, ao_cache_fp64=True)",fp64+fp32,"fp32*9,fp64*5",fp64*14,fp64*14,True,6602981376,3301490688,,0,
37544474854-1-d05888b8,speed/fluconazole/r2scan/mtzvpp,1,,stock,9.4534,-1105.7965438780186,13,True,679680,1884,523,,,,,,,,,,0,
37544474854-1-d05888b8,speed/fluconazole/r2scan/mtzvpp,2,,mixed,5.0727,-1105.7965438780168,13,True,679680,1884,523,"MixedPrecision(xc=True, k=False, vv10=False, xc_switch_tol=0.001, k_switch_tol=0.001, vv10_switch_tol=1e-05, ao_cache_fp64=True)",fp64+fp32,"fp32*9,fp64*5",fp64*14,fp64*14,True,6602981376,3301490688,,0,
37544474854-1-d05888b8,speed/fluconazole/r2scan/mtzvpp,2,,stock,9.2895,-1105.7965438780182,13,True,679680,1884,523,,,,,,,,,,0,
37544474854-1-d05888b8,speed/fluconazole/r2scan/mtzvpp,3,,mixed,5.0786,-1105.7965438780172,13,True,679680,1884,523,"MixedPrecision(xc=True, k=False, vv10=False, xc_switch_tol=0.001, k_switch_tol=0.001, vv10_switch_tol=1e-05, ao_cache_fp64=True)",fp64+fp32,"fp32*9,fp64*5",fp64*14,fp64*14,True,6602981376,3301490688,,0,
37544474854-1-d05888b8,speed/fluconazole/r2scan/mtzvpp,3,,stock,9.392,-1105.796543878019,13,True,679680,1884,523,,,,,,,,,,0,
37544474854-1-d05888b8,speed/warfarin/r2scan/mtzvpp,0,,mixed,7.0912,-1034.3422719185814,15,True,762624,2021,537,"MixedPrecision(xc=True, k=False, vv10=False, xc_switch_tol=0.001, k_switch_tol=0.001, vv10_switch_tol=1e-05, ao_cache_fp64=True)",fp64+fp32,"fp32*11,fp64*5",fp64*16,fp64*16,True,7099228160,3549614080,,0,
37544474854-1-d05888b8,speed/warfarin/r2scan/mtzvpp,0,,stock,12.2093,-1034.3422719185833,15,True,762624,2021,537,,,,,,,,,,0,
37544474854-1-d05888b8,speed/warfarin/r2scan/mtzvpp,1,,mixed,6.0732,-1034.342271918582,15,True,762624,2021,537,"MixedPrecision(xc=True, k=False, vv10=False, xc_switch_tol=0.001, k_switch_tol=0.001, vv10_switch_tol=1e-05, ao_cache_fp64=True)",fp64+fp32,"fp32*11,fp64*5",fp64*16,fp64*16,True,7095951360,3547975680,,0,
37544474854-1-d05888b8,speed/warfarin/r2scan/mtzvpp,1,,stock,12.1982,-1034.3422719185842,15,True,762624,2021,537,,,,,,,,,,0,
37544474854-1-d05888b8,speed/warfarin/r2scan/mtzvpp,2,,mixed,6.0196,-1034.3422719185814,15,True,762624,2021,537,"MixedPrecision(xc=True, k=False, vv10=False, xc_switch_tol=0.001, k_switch_tol=0.001, vv10_switch_tol=1e-05, ao_cache_fp64=True)",fp64+fp32,"fp32*11,fp64*5",fp64*16,fp64*16,True,7095951360,3547975680,,0,
37544474854-1-d05888b8,speed/warfarin/r2scan/mtzvpp,2,,stock,12.2221,-1034.3422719185842,15,True,762624,2021,537,,,,,,,,,,0,
37544474854-1-d05888b8,speed/warfarin/r2scan/mtzvpp,3,,mixed,6.0526,-1034.3422719185824,15,True,762624,2021,537,"MixedPrecision(xc=True, k=False, vv10=False, xc_switch_tol=0.001, k_switch_tol=0.001, vv10_switch_tol=1e-05, ao_cache_fp64=True)",fp64+fp32,"fp32*11,fp64*5",fp64*16,fp64*16,True,7095951360,3547975680,,0,
37544474854-1-d05888b8,speed/warfarin/r2scan/mtzvpp,3,,stock,11.8461,-1034.3422719185837,15,True,762624,2021,537,,,,,,,,,,0,
37544474854-1-d05888b8,speed/omeprazole/r2scan/mtzvpp,0,,mixed,6.8654,-1447.0603350339688,15,True,842752,2207,589,"MixedPrecision(xc=True, k=False, vv10=False, xc_switch_tol=0.001, k_switch_tol=0.001, vv10_switch_tol=1e-05, ao_cache_fp64=True)",fp64+fp32,"fp32*11,fp64*5",fp64*16,fp64*16,True,7309426688,3654713344,,0,
37544474854-1-d05888b8,speed/omeprazole/r2scan/mtzvpp,0,,stock,12.9911,-1447.0603350339716,15,True,842752,2207,589,,,,,,,,,,0,
37544474854-1-d05888b8,speed/omeprazole/r2scan/mtzvpp,1,,mixed,6.6677,-1447.0603350339707,15,True,842752,2207,589,"MixedPrecision(xc=True, k=False, vv10=False, xc_switch_tol=0.001, k_switch_tol=0.001, vv10_switch_tol=1e-05, ao_cache_fp64=True)",fp64+fp32,"fp32*11,fp64*5",fp64*16,fp64*16,True,7309295616,3654647808,,0,
37544474854-1-d05888b8,speed/omeprazole/r2scan/mtzvpp,1,,stock,13.0121,-1447.0603350339725,15,True,842752,2207,589,,,,,,,,,,0,
37544474854-1-d05888b8,speed/omeprazole/r2scan/mtzvpp,2,,mixed,6.6564,-1447.0603350339702,15,True,842752,2207,589,"MixedPrecision(xc=True, k=False, vv10=False, xc_switch_tol=0.001, k_switch_tol=0.001, vv10_switch_tol=1e-05, ao_cache_fp64=True)",fp64+fp32,"fp32*11,fp64*5",fp64*16,fp64*16,True,7309426688,3654713344,,0,
37544474854-1-d05888b8,speed/omeprazole/r2scan/mtzvpp,2,,stock,13.0778,-1447.060335033973,15,True,842752,2207,589,,,,,,,,,,0,
37544474854-1-d05888b8,speed/omeprazole/r2scan/mtzvpp,3,,mixed,6.6721,-1447.0603350339702,15,True,842752,2207,589,"MixedPrecision(xc=True, k=False, vv10=False, xc_switch_tol=0.001, k_switch_tol=0.001, vv10_switch_tol=1e-05, ao_cache_fp64=True)",fp64+fp32,"fp32*11,fp64*5",fp64*16,fp64*16,True,7309295616,3654647808,,0,
37544474854-1-d05888b8,speed/omeprazole/r2scan/mtzvpp,3,,stock,13.1653,-1447.0603350339716,15,True,842752,2207,589,,,,,,,,,,0,
37544474854-1-d05888b8,speed/celecoxib/r2scan/mtzvpp,0,,mixed,7.2055,-1668.3950499430712,14,True,812544,2271,612,"MixedPrecision(xc=True, k=False, vv10=False, xc_switch_tol=0.001, k_switch_tol=0.001, vv10_switch_tol=1e-05, ao_cache_fp64=True)",fp64+fp32,"fp32*9,fp64*6",fp64*15,fp64*15,True,7357595648,3678797824,,0,
37544474854-1-d05888b8,speed/celecoxib/r2scan/mtzvpp,0,,stock,12.5424,-1668.3950499430712,14,True,812544,2271,612,,,,,,,,,,0,
37544474854-1-d05888b8,speed/celecoxib/r2scan/mtzvpp,1,,mixed,7.1843,-1668.3950499430698,14,True,812544,2271,612,"MixedPrecision(xc=True, k=False, vv10=False, xc_switch_tol=0.001, k_switch_tol=0.001, vv10_switch_tol=1e-05, ao_cache_fp64=True)",fp64+fp32,"fp32*9,fp64*6",fp64*15,fp64*15,True,7357595648,3678797824,,0,
37544474854-1-d05888b8,speed/celecoxib/r2scan/mtzvpp,1,,stock,12.9229,-1668.3950499430712,14,True,812544,2271,612,,,,,,,,,,0,
37544474854-1-d05888b8,speed/celecoxib/r2scan/mtzvpp,2,,mixed,7.1842,-1668.3950499430712,14,True,812544,2271,612,"MixedPrecision(xc=True, k=False, vv10=False, xc_switch_tol=0.001, k_switch_tol=0.001, vv10_switch_tol=1e-05, ao_cache_fp64=True)",fp64+fp32,"fp32*9,fp64*6",fp64*15,fp64*15,True,7357595648,3678797824,,0,
37544474854-1-d05888b8,speed/celecoxib/r2scan/mtzvpp,2,,stock,12.7606,-1668.3950499430712,14,True,812544,2271,612,,,,,,,,,,0,
37544474854-1-d05888b8,speed/celecoxib/r2scan/mtzvpp,3,,mixed,7.1699,-1668.3950499430707,14,True,812544,2271,612,"MixedPrecision(xc=True, k=False, vv10=False, xc_switch_tol=0.001, k_switch_tol=0.001, vv10_switch_tol=1e-05, ao_cache_fp64=True)",fp64+fp32,"fp32*9,fp64*6",fp64*15,fp64*15,True,7357595648,3678797824,,0,
37544474854-1-d05888b8,speed/celecoxib/r2scan/mtzvpp,3,,stock,12.5007,-1668.3950499430712,14,True,812544,2271,612,,,,,,,,,,0,
37544474854-1-d05888b8,speed/metformin/b3lyp/mtzvpp,0,,mixed,1.315,-432.9407630577519,11,True,370176,883,251,"MixedPrecision(xc=True, k=True, vv10=False, xc_switch_tol=0.0003, k_switch_tol=0.001, vv10_switch_tol=1e-05, ao_cache_fp64=True)",fp64+fp32,"fp32*9,fp64*3","fp32*8,fp64*4",fp64*12,True,2213838848,1106919424,cupy.ndarray,207886456,
37544474854-1-d05888b8,speed/metformin/b3lyp/mtzvpp,0,,stock,1.5787,-432.9407630577519,11,True,370176,883,251,,,,,,,,,cupy.ndarray,207886456,
37544474854-1-d05888b8,speed/metformin/b3lyp/mtzvpp,1,,mixed,0.8455,-432.94076305775224,11,True,370176,883,251,"MixedPrecision(xc=True, k=True, vv10=False, xc_switch_tol=0.0003, k_switch_tol=0.001, vv10_switch_tol=1e-05, ao_cache_fp64=True)",fp64+fp32,"fp32*9,fp64*3","fp32*8,fp64*4",fp64*12,True,2213838848,1106919424,cupy.ndarray,207886456,
37544474854-1-d05888b8,speed/metformin/b3lyp/mtzvpp,1,,stock,1.4452,-432.9407630577519,11,True,370176,883,251,,,,,,,,,cupy.ndarray,207886456,
37544474854-1-d05888b8,speed/metformin/b3lyp/mtzvpp,2,,mixed,0.7514,-432.9407630577519,11,True,370176,883,251,"MixedPrecision(xc=True, k=True, vv10=False, xc_switch_tol=0.0003, k_switch_tol=0.001, vv10_switch_tol=1e-05, ao_cache_fp64=True)",fp64+fp32,"fp32*9,fp64*3","fp32*8,fp64*4",fp64*12,True,2213838848,1106919424,cupy.ndarray,207886456,
37544474854-1-d05888b8,speed/metformin/b3lyp/mtzvpp,2,,stock,1.4923,-432.9407630577521,11,True,370176,883,251,,,,,,,,,cupy.ndarray,207886456,
37544474854-1-d05888b8,speed/metformin/b3lyp/mtzvpp,3,,mixed,0.7466,-432.940763057752,11,True,370176,883,251,"MixedPrecision(xc=True, k=True, vv10=False, xc_switch_tol=0.0003, k_switch_tol=0.001, vv10_switch_tol=1e-05, ao_cache_fp64=True)",fp64+fp32,"fp32*9,fp64*3","fp32*8,fp64*4",fp64*12,True,2213838848,1106919424,cupy.ndarray,207886456,
37544474854-1-d05888b8,speed/metformin/b3lyp/mtzvpp,3,,stock,1.4843,-432.940763057752,11,True,370176,883,251,,,,,,,,,cupy.ndarray,207886456,
37544474854-1-d05888b8,speed/paracetamol/b3lyp/mtzvpp,0,,mixed,1.0474,-515.6676423604507,12,True,385280,993,269,"MixedPrecision(xc=True, k=True, vv10=False, xc_switch_tol=0.0003, k_switch_tol=0.001, vv10_switch_tol=1e-05, ao_cache_fp64=True)",fp64+fp32,"fp32*10,fp64*3","fp32*8,fp64*5",fp64*13,True,2242281472,1121140736,cupy.ndarray,256368768,
37544474854-1-d05888b8,speed/paracetamol/b3lyp/mtzvpp,0,,stock,1.7649,-515.6676423604509,12,True,385280,993,269,,,,,,,,,cupy.ndarray,256368768,
37544474854-1-d05888b8,speed/paracetamol/b3lyp/mtzvpp,1,,mixed,0.9732,-515.6676423604505,12,True,385280,993,269,"MixedPrecision(xc=True, k=True, vv10=False, xc_switch_tol=0.0003, k_switch_tol=0.001, vv10_switch_tol=1e-05, ao_cache_fp64=True)",fp64+fp32,"fp32*10,fp64*3","fp32*8,fp64*5",fp64*13,True,2242281472,1121140736,cupy.ndarray,256368768,
37544474854-1-d05888b8,speed/paracetamol/b3lyp/mtzvpp,1,,stock,1.8146,-515.6676423604509,12,True,385280,993,269,,,,,,,,,cupy.ndarray,256368768,
37544474854-1-d05888b8,speed/paracetamol/b3lyp/mtzvpp,2,,mixed,0.9498,-515.6676423604509,12,True,385280,993,269,"MixedPrecision(xc=True, k=True, vv10=False, xc_switch_tol=0.0003, k_switch_tol=0.001, vv10_switch_tol=1e-05, ao_cache_fp64=True)",fp64+fp32,"fp32*10,fp64*3","fp32*8,fp64*5",fp64*13,True,2242281472,1121140736,cupy.ndarray,256368768,
37544474854-1-d05888b8,speed/paracetamol/b3lyp/mtzvpp,2,,stock,1.7423,-515.6676423604512,12,True,385280,993,269,,,,,,,,,cupy.ndarray,256368768,
37544474854-1-d05888b8,speed/paracetamol/b3lyp/mtzvpp,3,,mixed,0.9853,-515.6676423604509,12,True,385280,993,269,"MixedPrecision(xc=True, k=True, vv10=False, xc_switch_tol=0.0003, k_switch_tol=0.001, vv10_switch_tol=1e-05, ao_cache_fp64=True)",fp64+fp32,"fp32*10,fp64*3","fp32*8,fp64*5",fp64*13,True,2242281472,1121140736,cupy.ndarray,256368768,
37544474854-1-d05888b8,speed/paracetamol/b3lyp/mtzvpp,3,,stock,1.9822,-515.6676423604507,12,True,385280,993,269,,,,,,,,,cupy.ndarray,256368768,
37544474854-1-d05888b8,speed/nicotine/b3lyp/mtzvpp,0,,mixed,1.2504,-499.12985068235594,11,True,483328,1156,308,"MixedPrecision(xc=True, k=True, vv10=False, xc_switch_tol=0.0003, k_switch_tol=0.001, vv10_switch_tol=1e-05, ao_cache_fp64=True)",fp64+fp32,"fp32*8,fp64*4","fp32*8,fp64*4",fp64*12,True,3389128704,1694564352,cupy.ndarray,399439616,
37544474854-1-d05888b8,speed/nicotine/b3lyp/mtzvpp,0,,stock,2.4042,-499.1298506823566,11,True,483328,1156,308,,,,,,,,,cupy.ndarray,399439616,
37544474854-1-d05888b8,speed/nicotine/b3lyp/mtzvpp,1,,mixed,1.3672,-499.1298506823557,11,True,483328,1156,308,"MixedPrecision(xc=True, k=True, vv10=False, xc_switch_tol=0.0003, k_switch_tol=0.001, vv10_switch_tol=1e-05, ao_cache_fp64=True)",fp64+fp32,"fp32*8,fp64*4","fp32*8,fp64*4",fp64*12,True,3389128704,1694564352,cupy.ndarray,399439616,
37544474854-1-d05888b8,speed/nicotine/b3lyp/mtzvpp,1,,stock,2.2698,-499.1298506823566,11,True,483328,1156,308,,,,,,,,,cupy.ndarray,399439616,
37544474854-1-d05888b8,speed/nicotine/b3lyp/mtzvpp,2,,mixed,1.2589,-499.1298506823557,11,True,483328,1156,308,"MixedPrecision(xc=True, k=True, vv10=False, xc_switch_tol=0.0003, k_switch_tol=0.001, vv10_switch_tol=1e-05, ao_cache_fp64=True)",fp64+fp32,"fp32*8,fp64*4","fp32*8,fp64*4",fp64*12,True,3389128704,1694564352,cupy.ndarray,399439616,
37544474854-1-d05888b8,speed/nicotine/b3lyp/mtzvpp,2,,stock,2.438,-499.1298506823566,11,True,483328,1156,308,,,,,,,,,cupy.ndarray,399439616,
37544474854-1-d05888b8,speed/nicotine/b3lyp/mtzvpp,3,,mixed,1.2354,-499.1298506823555,11,True,483328,1156,308,"MixedPrecision(xc=True, k=True, vv10=False, xc_switch_tol=0.0003, k_switch_tol=0.001, vv10_switch_tol=1e-05, ao_cache_fp64=True)",fp64+fp32,"fp32*8,fp64*4","fp32*8,fp64*4",fp64*12,True,3389128704,1694564352,cupy.ndarray,399439616,
37544474854-1-d05888b8,speed/nicotine/b3lyp/mtzvpp,3,,stock,2.3269,-499.1298506823566,11,True,483328,1156,308,,,,,,,,,cupy.ndarray,399439616,
37544474854-1-d05888b8,speed/gabapentin/b3lyp/mtzvpp,0,,mixed,1.4213,-558.6027472174081,11,True,528640,1212,328,"MixedPrecision(xc=True, k=True, vv10=False, xc_switch_tol=0.0003, k_switch_tol=0.001, vv10_switch_tol=1e-05, ao_cache_fp64=True)",fp64+fp32,"fp32*9,fp64*3","fp32*9,fp64*3",fp64*12,True,3991240704,1995620352,cupy.ndarray,479728992,
37544474854-1-d05888b8,speed/gabapentin/b3lyp/mtzvpp,0,,stock,2.2465,-558.6027472174118,11,True,528640,1212,328,,,,,,,,,cupy.ndarray,479728992,
37544474854-1-d05888b8,speed/gabapentin/b3lyp/mtzvpp,1,,mixed,1.4296,-558.6027472174084,11,True,528640,1212,328,"MixedPrecision(xc=True, k=True, vv10=False, xc_switch_tol=0.0003, k_switch_tol=0.001, vv10_switch_tol=1e-05, ao_cache_fp64=True)",fp64+fp32,"fp32*9,fp64*3","fp32*9,fp64*3",fp64*12,True,3991240704,1995620352,cupy.ndarray,479728992,
37544474854-1-d05888b8,speed/gabapentin/b3lyp/mtzvpp,1,,stock,2.3033,-558.6027472174115,11,True,528640,1212,328,,,,,,,,,cupy.ndarray,479728992,
37544474854-1-d05888b8,speed/gabapentin/b3lyp/mtzvpp,2,,mixed,1.3884,-558.6027472174088,11,True,528640,1212,328,"MixedPrecision(xc=True, k=True, vv10=False, xc_switch_tol=0.0003, k_switch_tol=0.001, vv10_switch_tol=1e-05, ao_cache_fp64=True)",fp64+fp32,"fp32*9,fp64*3","fp32*9,fp64*3",fp64*12,True,3991240704,1995620352,cupy.ndarray,479728992,
37544474854-1-d05888b8,speed/gabapentin/b3lyp/mtzvpp,2,,stock,2.2768,-558.602747217412,11,True,528640,1212,328,,,,,,,,,cupy.ndarray,479728992,
37544474854-1-d05888b8,speed/gabapentin/b3lyp/mtzvpp,3,,mixed,1.2918,-558.6027472174084,11,True,528640,1212,328,"MixedPrecision(xc=True, k=True, vv10=False, xc_switch_tol=0.0003, k_switch_tol=0.001, vv10_switch_tol=1e-05, ao_cache_fp64=True)",fp64+fp32,"fp32*9,fp64*3","fp32*9,fp64*3",fp64*12,True,3991240704,1995620352,cupy.ndarray,479728992,
37544474854-1-d05888b8,speed/gabapentin/b3lyp/mtzvpp,3,,stock,2.5976,-558.602747217412,11,True,528640,1212,328,,,,,,,,,cupy.ndarray,479728992,
37544474854-1-d05888b8,speed/aspirin/b3lyp/mtzvpp,0,,mixed,1.0547,-648.9276799957632,13,True,415488,1127,307,"MixedPrecision(xc=True, k=True, vv10=False, xc_switch_tol=0.0003, k_switch_tol=0.001, vv10_switch_tol=1e-05, ao_cache_fp64=True)",fp64+fp32,"fp32*11,fp64*3","fp32*9,fp64*5",fp64*14,True,2842025984,1421012992,cupy.ndarray,385713496,
37544474854-1-d05888b8,speed/aspirin/b3lyp/mtzvpp,0,,stock,2.0096,-648.9276799957642,13,True,415488,1127,307,,,,,,,,,cupy.ndarray,385713496,
37544474854-1-d05888b8,speed/aspirin/b3lyp/mtzvpp,1,,mixed,1.0625,-648.9276799957632,13,True,415488,1127,307,"MixedPrecision(xc=True, k=True, vv10=False, xc_switch_tol=0.0003, k_switch_tol=0.001, vv10_switch_tol=1e-05, ao_cache_fp64=True)",fp64+fp32,"fp32*11,fp64*3","fp32*9,fp64*5",fp64*14,True,2842025984,1421012992,cupy.ndarray,385713496,
37544474854-1-d05888b8,speed/aspirin/b3lyp/mtzvpp,1,,stock,2.2174,-648.9276799957642,13,True,415488,1127,307,,,,,,,,,cupy.ndarray,385713496,
37544474854-1-d05888b8,speed/aspirin/b3lyp/mtzvpp,2,,mixed,1.0644,-648.9276799957628,13,True,415488,1127,307,"MixedPrecision(xc=True, k=True, vv10=False, xc_switch_tol=0.0003, k_switch_tol=0.001, vv10_switch_tol=1e-05, ao_cache_fp64=True)",fp64+fp32,"fp32*11,fp64*3","fp32*9,fp64*5",fp64*14,True,2842025984,1421012992,cupy.ndarray,385713496,
37544474854-1-d05888b8,speed/aspirin/b3lyp/mtzvpp,2,,stock,2.0192,-648.9276799957642,13,True,415488,1127,307,,,,,,,,,cupy.ndarray,385713496,
37544474854-1-d05888b8,speed/aspirin/b3lyp/mtzvpp,3,,mixed,1.1291,-648.9276799957628,13,True,415488,1127,307,"MixedPrecision(xc=True, k=True, vv10=False, xc_switch_tol=0.0003, k_switch_tol=0.001, vv10_switch_tol=1e-05, ao_cache_fp64=True)",fp64+fp32,"fp32*11,fp64*3","fp32*9,fp64*5",fp64*14,True,2842025984,1421012992,cupy.ndarray,385713496,
37544474854-1-d05888b8,speed/aspirin/b3lyp/mtzvpp,3,,stock,2.4565,-648.9276799957642,13,True,415488,1127,307,,,,,,,,,cupy.ndarray,385713496,
37544474854-1-d05888b8,speed/theophylline/b3lyp/mtzvpp,0,,mixed,1.1761,-641.2796320398952,13,True,415488,1131,317,"MixedPrecision(xc=True, k=True, vv10=False, xc_switch_tol=0.0003, k_switch_tol=0.001, vv10_switch_tol=1e-05, ao_cache_fp64=True)",fp64+fp32,"fp32*10,fp64*4","fp32*10,fp64*4",fp64*14,True,2983796736,1491898368,cupy.ndarray,420370080,
37544474854-1-d05888b8,speed/theophylline/b3lyp/mtzvpp,0,,stock,2.3093,-641.2796320399029,13,True,415488,1131,317,,,,,,,,,cupy.ndarray,420370080,
37544474854-1-d05888b8,speed/theophylline/b3lyp/mtzvpp,1,,mixed,1.6357,-641.2796320398954,13,True,415488,1131,317,"MixedPrecision(xc=True, k=True, vv10=False, xc_switch_tol=0.0003, k_switch_tol=0.001, vv10_switch_tol=1e-05, ao_cache_fp64=True)",fp64+fp32,"fp32*10,fp64*4","fp32*10,fp64*4",fp64*14,True,2983796736,1491898368,cupy.ndarray,420370080,
37544474854-1-d05888b8,speed/theophylline/b3lyp/mtzvpp,1,,stock,2.3276,-641.2796320399032,13,True,415488,1131,317,,,,,,,,,cupy.ndarray,420370080,
37544474854-1-d05888b8,speed/theophylline/b3lyp/mtzvpp,2,,mixed,1.3512,-641.2796320398954,13,True,415488,1131,317,"MixedPrecision(xc=True, k=True, vv10=False, xc_switch_tol=0.0003, k_switch_tol=0.001, vv10_switch_tol=1e-05, ao_cache_fp64=True)",fp64+fp32,"fp32*10,fp64*4","fp32*10,fp64*4",fp64*14,True,2983796736,1491898368,cupy.ndarray,420370080,
37544474854-1-d05888b8,speed/theophylline/b3lyp/mtzvpp,2,,stock,2.2271,-641.2796320399029,13,True,415488,1131,317,,,,,,,,,cupy.ndarray,420370080,
37544474854-1-d05888b8,speed/theophylline/b3lyp/mtzvpp,3,,mixed,1.174,-641.2796320398968,13,True,415488,1131,317,"MixedPrecision(xc=True, k=True, vv10=False, xc_switch_tol=0.0003, k_switch_tol=0.001, vv10_switch_tol=1e-05, ao_cache_fp64=True)",fp64+fp32,"fp32*10,fp64*4","fp32*10,fp64*4",fp64*14,True,2983403520,1491701760,cupy.ndarray,420370080,
37544474854-1-d05888b8,speed/theophylline/b3lyp/mtzvpp,3,,stock,2.1535,-641.2796320399034,13,True,415488,1131,317,,,,,,,,,cupy.ndarray,420370080,
37544474854-1-d05888b8,speed/caffeine/b3lyp/mtzvpp,0,,mixed,1.3901,-680.6007798609289,13,True,468224,1242,346,"MixedPrecision(xc=True, k=True, vv10=False, xc_switch_tol=0.0003, k_switch_tol=0.001, vv10_switch_tol=1e-05, ao_cache_fp64=True)",fp64+fp32,"fp32*10,fp64*4","fp32*10,fp64*4",fp64*14,True,3506569216,1753284608,cupy.ndarray,538769664,
37544474854-1-d05888b8,speed/caffeine/b3lyp/mtzvpp,0,,stock,2.5663,-680.6007798609323,13,True,468224,1242,346,,,,,,,,,cupy.ndarray,538769664,
37544474854-1-d05888b8,speed/caffeine/b3lyp/mtzvpp,1,,mixed,1.4237,-680.6007798609296,13,True,468224,1242,346,"MixedPrecision(xc=True, k=True, vv10=False, xc_switch_tol=0.0003, k_switch_tol=0.001, vv10_switch_tol=1e-05, ao_cache_fp64=True)",fp64+fp32,"fp32*10,fp64*4","fp32*10,fp64*4",fp64*14,True,3506569216,1753284608,cupy.ndarray,538769664,
37544474854-1-d05888b8,speed/caffeine/b3lyp/mtzvpp,1,,stock,2.5151,-680.6007798609321,13,True,468224,1242,346,,,,,,,,,cupy.ndarray,538769664,
37544474854-1-d05888b8,speed/caffeine/b3lyp/mtzvpp,2,,mixed,1.362,-680.6007798609287,13,True,468224,1242,346,"MixedPrecision(xc=True, k=True, vv10=False, xc_switch_tol=0.0003, k_switch_tol=0.001, vv10_switch_tol=1e-05, ao_cache_fp64=True)",fp64+fp32,"fp32*10,fp64*4","fp32*10,fp64*4",fp64*14,True,3506569216,1753284608,cupy.ndarray,538769664,
37544474854-1-d05888b8,speed/caffeine/b3lyp/mtzvpp,2,,stock,2.5846,-680.6007798609319,13,True,468224,1242,346,,,,,,,,,cupy.ndarray,538769664,
37544474854-1-d05888b8,speed/caffeine/b3lyp/mtzvpp,3,,mixed,1.4892,-680.6007798609287,13,True,468224,1242,346,"MixedPrecision(xc=True, k=True, vv10=False, xc_switch_tol=0.0003, k_switch_tol=0.001, vv10_switch_tol=1e-05, ao_cache_fp64=True)",fp64+fp32,"fp32*10,fp64*4","fp32*10,fp64*4",fp64*14,True,3506438144,1753219072,cupy.ndarray,538769664,
37544474854-1-d05888b8,speed/caffeine/b3lyp/mtzvpp,3,,stock,2.5268,-680.6007798609321,13,True,468224,1242,346,,,,,,,,,cupy.ndarray,538769664,
37544474854-1-d05888b8,speed/levodopa/b3lyp/mtzvpp,0,,mixed,1.462,-705.4953300536828,13,True,483328,1258,346,"MixedPrecision(xc=True, k=True, vv10=False, xc_switch_tol=0.0003, k_switch_tol=0.001, vv10_switch_tol=1e-05, ao_cache_fp64=True)",fp64+fp32,"fp32*10,fp64*4","fp32*9,fp64*5",fp64*14,True,3390308352,1695154176,cupy.ndarray,509510128,
37544474854-1-d05888b8,speed/levodopa/b3lyp/mtzvpp,0,,stock,2.7675,-705.495330053686,13,True,483328,1258,346,,,,,,,,,cupy.ndarray,509510128,
37544474854-1-d05888b8,speed/levodopa/b3lyp/mtzvpp,1,,mixed,1.4419,-705.4953300536832,13,True,483328,1258,346,"MixedPrecision(xc=True, k=True, vv10=False, xc_switch_tol=0.0003, k_switch_tol=0.001, vv10_switch_tol=1e-05, ao_cache_fp64=True)",fp64+fp32,"fp32*10,fp64*4","fp32*9,fp64*5",fp64*14,True,3390308352,1695154176,cupy.ndarray,509510128,
37544474854-1-d05888b8,speed/levodopa/b3lyp/mtzvpp,1,,stock,3.1299,-705.4953300536855,13,True,483328,1258,346,,,,,,,,,cupy.ndarray,509510128,
37544474854-1-d05888b8,speed/levodopa/b3lyp/mtzvpp,2,,mixed,1.499,-705.4953300536837,13,True,483328,1258,346,"MixedPrecision(xc=True, k=True, vv10=False, xc_switch_tol=0.0003, k_switch_tol=0.001, vv10_switch_tol=1e-05, ao_cache_fp64=True)",fp64+fp32,"fp32*10,fp64*4","fp32*9,fp64*5",fp64*14,True,3390308352,1695154176,cupy.ndarray,509510128,
37544474854-1-d05888b8,speed/levodopa/b3lyp/mtzvpp,2,,stock,2.9383,-705.4953300536862,13,True,483328,1258,346,,,,,,,,,cupy.ndarray,509510128,
37544474854-1-d05888b8,speed/levodopa/b3lyp/mtzvpp,3,,mixed,1.4869,-705.4953300536828,13,True,483328,1258,346,"MixedPrecision(xc=True, k=True, vv10=False, xc_switch_tol=0.0003, k_switch_tol=0.001, vv10_switch_tol=1e-05, ao_cache_fp64=True)",fp64+fp32,"fp32*10,fp64*4","fp32*9,fp64*5",fp64*14,True,3390308352,1695154176,cupy.ndarray,509510128,
37544474854-1-d05888b8,speed/levodopa/b3lyp/mtzvpp,3,,stock,3.15,-705.4953300536855,13,True,483328,1258,346,,,,,,,,,cupy.ndarray,509510128,
37544474854-1-d05888b8,speed/ibuprofen/b3lyp/mtzvpp,0,,mixed,2.3954,-656.9290413153149,13,True,611584,1453,385,"MixedPrecision(xc=True, k=True, vv10=False, xc_switch_tol=0.0003, k_switch_tol=0.001, vv10_switch_tol=1e-05, ao_cache_fp64=True)",fp64+fp32,"fp32*9,fp64*5","fp32*8,fp64*6",fp64*14,True,4386955264,2193477632,cupy.ndarray,690058760,
37544474854-1-d05888b8,speed/ibuprofen/b3lyp/mtzvpp,0,,stock,3.6086,-656.9290413153149,13,True,611584,1453,385,,,,,,,,,cupy.ndarray,690058760,
37544474854-1-d05888b8,speed/ibuprofen/b3lyp/mtzvpp,1,,mixed,2.0807,-656.9290413153146,13,True,611584,1453,385,"MixedPrecision(xc=True, k=True, vv10=False, xc_switch_tol=0.0003, k_switch_tol=0.001, vv10_switch_tol=1e-05, ao_cache_fp64=True)",fp64+fp32,"fp32*9,fp64*5","fp32*8,fp64*6",fp64*14,True,4386955264,2193477632,cupy.ndarray,690058760,
37544474854-1-d05888b8,speed/ibuprofen/b3lyp/mtzvpp,1,,stock,3.6209,-656.9290413153149,13,True,611584,1453,385,,,,,,,,,cupy.ndarray,690058760,
37544474854-1-d05888b8,speed/ibuprofen/b3lyp/mtzvpp,2,,mixed,2.1069,-656.9290413153149,13,True,611584,1453,385,"MixedPrecision(xc=True, k=True, vv10=False, xc_switch_tol=0.0003, k_switch_tol=0.001, vv10_switch_tol=1e-05, ao_cache_fp64=True)",fp64+fp32,"fp32*9,fp64*5","fp32*8,fp64*6",fp64*14,True,4386955264,2193477632,cupy.ndarray,690058760,
37544474854-1-d05888b8,speed/ibuprofen/b3lyp/mtzvpp,2,,stock,3.5827,-656.9290413153153,13,True,611584,1453,385,,,,,,,,,cupy.ndarray,690058760,
37544474854-1-d05888b8,speed/ibuprofen/b3lyp/mtzvpp,3,,mixed,1.9916,-656.9290413153146,13,True,611584,1453,385,"MixedPrecision(xc=True, k=True, vv10=False, xc_switch_tol=0.0003, k_switch_tol=0.001, vv10_switch_tol=1e-05, ao_cache_fp64=True)",fp64+fp32,"fp32*9,fp64*5","fp32*8,fp64*6",fp64*14,True,4386955264,2193477632,cupy.ndarray,690058760,
37544474854-1-d05888b8,speed/ibuprofen/b3lyp/mtzvpp,3,,stock,3.7566,-656.929041315314,13,True,611584,1453,385,,,,,,,,,cupy.ndarray,690058760,
37544474854-1-d05888b8,speed/naproxen/b3lyp/mtzvpp,0,,mixed,2.4434,-767.8688481641323,13,True,596480,1533,408,"MixedPrecision(xc=True, k=True, vv10=False, xc_switch_tol=0.0003, k_switch_tol=0.001, vv10_switch_tol=1e-05, ao_cache_fp64=True)",fp64+fp32,"fp32*10,fp64*4","fp32*6,fp64*8",fp64*14,True,4393893888,2196946944,cupy.ndarray,802825968,
37544474854-1-d05888b8,speed/naproxen/b3lyp/mtzvpp,0,,stock,3.8206,-767.8688481641336,13,True,596480,1533,408,,,,,,,,,cupy.ndarray,802825968,
37544474854-1-d05888b8,speed/naproxen/b3lyp/mtzvpp,1,,mixed,2.1928,-767.8688481641323,13,True,596480,1533,408,"MixedPrecision(xc=True, k=True, vv10=False, xc_switch_tol=0.0003, k_switch_tol=0.001, vv10_switch_tol=1e-05, ao_cache_fp64=True)",fp64+fp32,"fp32*10,fp64*4","fp32*6,fp64*8",fp64*14,True,4393893888,2196946944,cupy.ndarray,802825968,
37544474854-1-d05888b8,speed/naproxen/b3lyp/mtzvpp,1,,stock,3.823,-767.8688481641329,13,True,596480,1533,408,,,,,,,,,cupy.ndarray,802825968,
37544474854-1-d05888b8,speed/naproxen/b3lyp/mtzvpp,2,,mixed,1.9927,-767.8688481641323,13,True,596480,1533,408,"MixedPrecision(xc=True, k=True, vv10=False, xc_switch_tol=0.0003, k_switch_tol=0.001, vv10_switch_tol=1e-05, ao_cache_fp64=True)",fp64+fp32,"fp32*10,fp64*4","fp32*6,fp64*8",fp64*14,True,4393893888,2196946944,cupy.ndarray,802825968,
37544474854-1-d05888b8,speed/naproxen/b3lyp/mtzvpp,2,,stock,3.8024,-767.8688481641336,13,True,596480,1533,408,,,,,,,,,cupy.ndarray,802825968,
37544474854-1-d05888b8,speed/naproxen/b3lyp/mtzvpp,3,,mixed,2.1302,-767.8688481641327,13,True,596480,1533,408,"MixedPrecision(xc=True, k=True, vv10=False, xc_switch_tol=0.0003, k_switch_tol=0.001, vv10_switch_tol=1e-05, ao_cache_fp64=True)",fp64+fp32,"fp32*10,fp64*4","fp32*6,fp64*8",fp64*14,True,4393893888,2196946944,cupy.ndarray,802825968,
37544474854-1-d05888b8,speed/naproxen/b3lyp/mtzvpp,3,,stock,3.6694,-767.8688481641334,13,True,596480,1533,408,,,,,,,,,cupy.ndarray,802825968,
37544474854-1-d05888b8,speed/lidocaine/b3lyp/mtzvpp,0,,mixed,2.3977,-731.7137000287921,12,True,717312,1677,448,"MixedPrecision(xc=True, k=True, vv10=False, xc_switch_tol=0.0003, k_switch_tol=0.001, vv10_switch_tol=1e-05, ao_cache_fp64=True)",fp64+fp32,"fp32*10,fp64*3","fp32*8,fp64*5",fp64*13,True,5859311616,2929655808,cupy.ndarray,1088601072,
37544474854-1-d05888b8,speed/lidocaine/b3lyp/mtzvpp,0,,stock,4.5064,-731.7137000287928,12,True,717312,1677,448,,,,,,,,,cupy.ndarray,1088601072,
37544474854-1-d05888b8,speed/lidocaine/b3lyp/mtzvpp,1,,mixed,2.5392,-731.7137000287928,12,True,717312,1677,448,"MixedPrecision(xc=True, k=True, vv10=False, xc_switch_tol=0.0003, k_switch_tol=0.001, vv10_switch_tol=1e-05, ao_cache_fp64=True)",fp64+fp32,"fp32*10,fp64*3","fp32*8,fp64*5",fp64*13,True,5859049472,2929524736,cupy.ndarray,1088601072,
37544474854-1-d05888b8,speed/lidocaine/b3lyp/mtzvpp,1,,stock,4.7589,-731.7137000287928,12,True,717312,1677,448,,,,,,,,,cupy.ndarray,1088601072,
37544474854-1-d05888b8,speed/lidocaine/b3lyp/mtzvpp,2,,mixed,2.2586,-731.7137000287926,12,True,717312,1677,448,"MixedPrecision(xc=True, k=True, vv10=False, xc_switch_tol=0.0003, k_switch_tol=0.001, vv10_switch_tol=1e-05, ao_cache_fp64=True)",fp64+fp32,"fp32*10,fp64*3","fp32*8,fp64*5",fp64*13,True,5859049472,2929524736,cupy.ndarray,1088601072,
37544474854-1-d05888b8,speed/lidocaine/b3lyp/mtzvpp,2,,stock,4.4477,-731.713700028793,12,True,717312,1677,448,,,,,,,,,cupy.ndarray,1088601072,
37544474854-1-d05888b8,speed/lidocaine/b3lyp/mtzvpp,3,,mixed,2.2596,-731.7137000287919,12,True,717312,1677,448,"MixedPrecision(xc=True, k=True, vv10=False, xc_switch_tol=0.0003, k_switch_tol=0.001, vv10_switch_tol=1e-05, ao_cache_fp64=True)",fp64+fp32,"fp32*10,fp64*3","fp32*8,fp64*5",fp64*13,True,5859049472,2929524736,cupy.ndarray,1088601072,
37544474854-1-d05888b8,speed/lidocaine/b3lyp/mtzvpp,3,,stock,4.4781,-731.7137000287935,12,True,717312,1677,448,,,,,,,,,cupy.ndarray,1088601072,
37544474854-1-d05888b8,speed/salbutamol/b3lyp/mtzvpp,0,,mixed,2.4278,-788.7141642995764,12,True,702208,1661,448,"MixedPrecision(xc=True, k=True, vv10=False, xc_switch_tol=0.0003, k_switch_tol=0.001, vv10_switch_tol=1e-05, ao_cache_fp64=True)",fp64+fp32,"fp32*9,fp64*4","fp32*8,fp64*5",fp64*13,True,5539561472,2769780736,cupy.ndarray,1028012832,
37544474854-1-d05888b8,speed/salbutamol/b3lyp/mtzvpp,0,,stock,4.6953,-788.7141642995769,12,True,702208,1661,448,,,,,,,,,cupy.ndarray,1028012832,
37544474854-1-d05888b8,speed/salbutamol/b3lyp/mtzvpp,1,,mixed,2.4009,-788.7141642995764,12,True,702208,1661,448,"MixedPrecision(xc=True, k=True, vv10=False, xc_switch_tol=0.0003, k_switch_tol=0.001, vv10_switch_tol=1e-05, ao_cache_fp64=True)",fp64+fp32,"fp32*9,fp64*4","fp32*8,fp64*5",fp64*13,True,5539561472,2769780736,cupy.ndarray,1028012832,
37544474854-1-d05888b8,speed/salbutamol/b3lyp/mtzvpp,1,,stock,4.2317,-788.7141642995771,12,True,702208,1661,448,,,,,,,,,cupy.ndarray,1028012832,
37544474854-1-d05888b8,speed/salbutamol/b3lyp/mtzvpp,2,,mixed,3.9588,-788.7141642995757,12,True,702208,1661,448,"MixedPrecision(xc=True, k=True, vv10=False, xc_switch_tol=0.0003, k_switch_tol=0.001, vv10_switch_tol=1e-05, ao_cache_fp64=True)",fp64+fp32,"fp32*9,fp64*4","fp32*8,fp64*5",fp64*13,True,5539561472,2769780736,cupy.ndarray,1028012832,
37544474854-1-d05888b8,speed/salbutamol/b3lyp/mtzvpp,2,,stock,4.4758,-788.7141642995773,12,True,702208,1661,448,,,,,,,,,cupy.ndarray,1028012832,
37544474854-1-d05888b8,speed/salbutamol/b3lyp/mtzvpp,3,,mixed,2.3997,-788.7141642995766,12,True,702208,1661,448,"MixedPrecision(xc=True, k=True, vv10=False, xc_switch_tol=0.0003, k_switch_tol=0.001, vv10_switch_tol=1e-05, ao_cache_fp64=True)",fp64+fp32,"fp32*9,fp64*4","fp32*8,fp64*5",fp64*13,True,5538906112,2769453056,cupy.ndarray,1028012832,
37544474854-1-d05888b8,speed/salbutamol/b3lyp/mtzvpp,3,,stock,4.282,-788.7141642995769,12,True,702208,1661,448,,,,,,,,,cupy.ndarray,1028012832,
37544474854-1-d05888b8,speed/phenytoin/b3lyp/mtzvpp,0,,mixed,2.7806,-839.0869919205256,13,True,611584,1649,441,"MixedPrecision(xc=True, k=True, vv10=False, xc_switch_tol=0.0003, k_switch_tol=0.001, vv10_switch_tol=1e-05, ao_cache_fp64=True)",fp64+fp32,"fp32*10,fp64*4","fp32*10,fp64*4",fp64*14,True,5365792768,2682896384,cupy.ndarray,1094052136,
37544474854-1-d05888b8,speed/phenytoin/b3lyp/mtzvpp,0,,stock,5.9007,-839.0869919205393,13,True,611584,1649,441,,,,,,,,,cupy.ndarray,1094052136,
37544474854-1-d05888b8,speed/phenytoin/b3lyp/mtzvpp,1,,mixed,2.6136,-839.0869919205256,13,True,611584,1649,441,"MixedPrecision(xc=True, k=True, vv10=False, xc_switch_tol=0.0003, k_switch_tol=0.001, vv10_switch_tol=1e-05, ao_cache_fp64=True)",fp64+fp32,"fp32*10,fp64*4","fp32*10,fp64*4",fp64*14,True,5365792768,2682896384,cupy.ndarray,1094052136,
37544474854-1-d05888b8,speed/phenytoin/b3lyp/mtzvpp,1,,stock,5.475,-839.0869919205388,13,True,611584,1649,441,,,,,,,,,cupy.ndarray,1094052136,
37544474854-1-d05888b8,speed/phenytoin/b3lyp/mtzvpp,2,,mixed,2.706,-839.0869919205256,13,True,611584,1649,441,"MixedPrecision(xc=True, k=True, vv10=False, xc_switch_tol=0.0003, k_switch_tol=0.001, vv10_switch_tol=1e-05, ao_cache_fp64=True)",fp64+fp32,"fp32*10,fp64*4","fp32*10,fp64*4",fp64*14,True,5365792768,2682896384,cupy.ndarray,1094052136,
37544474854-1-d05888b8,speed/phenytoin/b3lyp/mtzvpp,2,,stock,5.5815,-839.0869919205393,13,True,611584,1649,441,,,,,,,,,cupy.ndarray,1094052136,
37544474854-1-d05888b8,speed/phenytoin/b3lyp/mtzvpp,3,,mixed,2.7846,-839.086991920527,13,True,611584,1649,441,"MixedPrecision(xc=True, k=True, vv10=False, xc_switch_tol=0.0003, k_switch_tol=0.001, vv10_switch_tol=1e-05, ao_cache_fp64=True)",fp64+fp32,"fp32*10,fp64*4","fp32*10,fp64*4",fp64*14,True,5366972416,2683486208,cupy.ndarray,1094052136,
37544474854-1-d05888b8,speed/phenytoin/b3lyp/mtzvpp,3,,stock,5.6906,-839.0869919205393,13,True,611584,1649,441,,,,,,,,,cupy.ndarray,1094052136,
37544474854-1-d05888b8,speed/ketoprofen/b3lyp/mtzvpp,0,,mixed,2.6885,-844.1134295621603,13,True,641792,1683,446,"MixedPrecision(xc=True, k=True, vv10=False, xc_switch_tol=0.0003, k_switch_tol=0.001, vv10_switch_tol=1e-05, ao_cache_fp64=True)",fp64+fp32,"fp32*8,fp64*6","fp32*8,fp64*6",fp64*14,True,5125210112,2562605056,cupy.ndarray,1050717096,
37544474854-1-d05888b8,speed/ketoprofen/b3lyp/mtzvpp,0,,stock,4.6208,-844.1134295621603,13,True,641792,1683,446,,,,,,,,,cupy.ndarray,1050717096,
37544474854-1-d05888b8,speed/ketoprofen/b3lyp/mtzvpp,1,,mixed,2.6512,-844.1134295621603,13,True,641792,1683,446,"MixedPrecision(xc=True, k=True, vv10=False, xc_switch_tol=0.0003, k_switch_tol=0.001, vv10_switch_tol=1e-05, ao_cache_fp64=True)",fp64+fp32,"fp32*8,fp64*6","fp32*8,fp64*6",fp64*14,True,5125210112,2562605056,cupy.ndarray,1050717096,
37544474854-1-d05888b8,speed/ketoprofen/b3lyp/mtzvpp,1,,stock,4.4006,-844.1134295621598,13,True,641792,1683,446,,,,,,,,,cupy.ndarray,1050717096,
37544474854-1-d05888b8,speed/ketoprofen/b3lyp/mtzvpp,2,,mixed,2.8178,-844.1134295621603,13,True,641792,1683,446,"MixedPrecision(xc=True, k=True, vv10=False, xc_switch_tol=0.0003, k_switch_tol=0.001, vv10_switch_tol=1e-05, ao_cache_fp64=True)",fp64+fp32,"fp32*8,fp64*6","fp32*8,fp64*6",fp64*14,True,5125210112,2562605056,cupy.ndarray,1050717096,
37544474854-1-d05888b8,speed/ketoprofen/b3lyp/mtzvpp,2,,stock,4.4122,-844.1134295621603,13,True,641792,1683,446,,,,,,,,,cupy.ndarray,1050717096,
37544474854-1-d05888b8,speed/ketoprofen/b3lyp/mtzvpp,3,,mixed,2.6764,-844.1134295621603,13,True,641792,1683,446,"MixedPrecision(xc=True, k=True, vv10=False, xc_switch_tol=0.0003, k_switch_tol=0.001, vv10_switch_tol=1e-05, ao_cache_fp64=True)",fp64+fp32,"fp32*8,fp64*6","fp32*8,fp64*6",fp64*14,True,5125210112,2562605056,cupy.ndarray,1050717096,
37544474854-1-d05888b8,speed/ketoprofen/b3lyp/mtzvpp,3,,stock,4.4153,-844.1134295621603,13,True,641792,1683,446,,,,,,,,,cupy.ndarray,1050717096,
37544474854-1-d05888b8,speed/diphenhydramine/b3lyp/mtzvpp,0,,mixed,2.8948,-790.6605970103406,12,True,747520,1807,476,"MixedPrecision(xc=True, k=True, vv10=False, xc_switch_tol=0.0003, k_switch_tol=0.001, vv10_switch_tol=1e-05, ao_cache_fp64=True)",fp64+fp32,"fp32*8,fp64*5","fp32*8,fp64*5",fp64*13,True,5999689728,2999844864,cupy.ndarray,1241770400,
37544474854-1-d05888b8,speed/diphenhydramine/b3lyp/mtzvpp,0,,stock,4.9176,-790.6605970103401,12,True,747520,1807,476,,,,,,,,,cupy.ndarray,1241770400,
37544474854-1-d05888b8,speed/diphenhydramine/b3lyp/mtzvpp,1,,mixed,2.9626,-790.6605970103406,12,True,747520,1807,476,"MixedPrecision(xc=True, k=True, vv10=False, xc_switch_tol=0.0003, k_switch_tol=0.001, vv10_switch_tol=1e-05, ao_cache_fp64=True)",fp64+fp32,"fp32*8,fp64*5","fp32*8,fp64*5",fp64*13,True,5999689728,2999844864,cupy.ndarray,1241770400,
37544474854-1-d05888b8,speed/diphenhydramine/b3lyp/mtzvpp,1,,stock,5.0505,-790.6605970103396,12,True,747520,1807,476,,,,,,,,,cupy.ndarray,1241770400,
37544474854-1-d05888b8,speed/diphenhydramine/b3lyp/mtzvpp,2,,mixed,3.1698,-790.6605970103415,12,True,747520,1807,476,"MixedPrecision(xc=True, k=True, vv10=False, xc_switch_tol=0.0003, k_switch_tol=0.001, vv10_switch_tol=1e-05, ao_cache_fp64=True)",fp64+fp32,"fp32*8,fp64*5","fp32*8,fp64*5",fp64*13,True,5999427584,2999713792,cupy.ndarray,1241770400,
37544474854-1-d05888b8,speed/diphenhydramine/b3lyp/mtzvpp,2,,stock,6.0227,-790.6605970103406,12,True,747520,1807,476,,,,,,,,,cupy.ndarray,1241770400,
37544474854-1-d05888b8,speed/diphenhydramine/b3lyp/mtzvpp,3,,mixed,3.0858,-790.6605970103406,12,True,747520,1807,476,"MixedPrecision(xc=True, k=True, vv10=False, xc_switch_tol=0.0003, k_switch_tol=0.001, vv10_switch_tol=1e-05, ao_cache_fp64=True)",fp64+fp32,"fp32*8,fp64*5","fp32*8,fp64*5",fp64*13,True,5999427584,2999713792,cupy.ndarray,1241770400,
37544474854-1-d05888b8,speed/diphenhydramine/b3lyp/mtzvpp,3,,stock,5.209,-790.6605970103396,12,True,747520,1807,476,,,,,,,,,cupy.ndarray,1241770400,
37544474854-1-d05888b8,speed/propranolol/b3lyp/mtzvpp,0,,mixed,3.0966,-827.8170690319744,12,True,747520,1809,481,"MixedPrecision(xc=True, k=True, vv10=False, xc_switch_tol=0.0003, k_switch_tol=0.001, vv10_switch_tol=1e-05, ao_cache_fp64=True)",fp64+fp32,"fp32*9,fp64*4","fp32*8,fp64*5",fp64*13,True,5783289856,2891644928,cupy.ndarray,1214721792,
37544474854-1-d05888b8,speed/propranolol/b3lyp/mtzvpp,0,,stock,6.1041,-827.8170690319753,12,True,747520,1809,481,,,,,,,,,cupy.ndarray,1214721792,
37544474854-1-d05888b8,speed/propranolol/b3lyp/mtzvpp,1,,mixed,3.0655,-827.8170690319744,12,True,747520,1809,481,"MixedPrecision(xc=True, k=True, vv10=False, xc_switch_tol=0.0003, k_switch_tol=0.001, vv10_switch_tol=1e-05, ao_cache_fp64=True)",fp64+fp32,"fp32*9,fp64*4","fp32*8,fp64*5",fp64*13,True,5783289856,2891644928,cupy.ndarray,1214721792,
37544474854-1-d05888b8,speed/propranolol/b3lyp/mtzvpp,1,,stock,5.9772,-827.8170690319753,12,True,747520,1809,481,,,,,,,,,cupy.ndarray,1214721792,
37544474854-1-d05888b8,speed/propranolol/b3lyp/mtzvpp,2,,mixed,3.028,-827.8170690319744,12,True,747520,1809,481,"MixedPrecision(xc=True, k=True, vv10=False, xc_switch_tol=0.0003, k_switch_tol=0.001, vv10_switch_tol=1e-05, ao_cache_fp64=True)",fp64+fp32,"fp32*9,fp64*4","fp32*8,fp64*5",fp64*13,True,5783289856,2891644928,cupy.ndarray,1214721792,
37544474854-1-d05888b8,speed/propranolol/b3lyp/mtzvpp,2,,stock,5.9279,-827.8170690319753,12,True,747520,1809,481,,,,,,,,,cupy.ndarray,1214721792,
37544474854-1-d05888b8,speed/propranolol/b3lyp/mtzvpp,3,,mixed,3.0375,-827.8170690319744,12,True,747520,1809,481,"MixedPrecision(xc=True, k=True, vv10=False, xc_switch_tol=0.0003, k_switch_tol=0.001, vv10_switch_tol=1e-05, ao_cache_fp64=True)",fp64+fp32,"fp32*9,fp64*4","fp32*8,fp64*5",fp64*13,True,5783289856,2891644928,cupy.ndarray,1214721792,
37544474854-1-d05888b8,speed/propranolol/b3lyp/mtzvpp,3,,stock,6.0153,-827.8170690319753,12,True,747520,1809,481,,,,,,,,,cupy.ndarray,1214721792,
37544474854-1-d05888b8,speed/atenolol/b3lyp/mtzvpp,0,,mixed,3.3339,-882.2273669511894,13,True,762624,1831,496,"MixedPrecision(xc=True, k=True, vv10=False, xc_switch_tol=0.0003, k_switch_tol=0.001, vv10_switch_tol=1e-05, ao_cache_fp64=True)",fp64+fp32,"fp32*10,fp64*4","fp32*9,fp64*5",fp64*14,True,5697019904,2848509952,cupy.ndarray,1196683008,
37544474854-1-d05888b8,speed/atenolol/b3lyp/mtzvpp,0,,stock,6.3265,-882.2273669511917,13,True,762624,1831,496,,,,,,,,,cupy.ndarray,1196683008,
37544474854-1-d05888b8,speed/atenolol/b3lyp/mtzvpp,1,,mixed,3.1714,-882.2273669511899,13,True,762624,1831,496,"MixedPrecision(xc=True, k=True, vv10=False, xc_switch_tol=0.0003, k_switch_tol=0.001, vv10_switch_tol=1e-05, ao_cache_fp64=True)",fp64+fp32,"fp32*10,fp64*4","fp32*9,fp64*5",fp64*14,True,5696626688,2848313344,cupy.ndarray,1196683008,
37544474854-1-d05888b8,speed/atenolol/b3lyp/mtzvpp,1,,stock,6.4288,-882.2273669511908,13,True,762624,1831,496,,,,,,,,,cupy.ndarray,1196683008,
37544474854-1-d05888b8,speed/atenolol/b3lyp/mtzvpp,2,,mixed,3.2583,-882.227366951189,13,True,762624,1831,496,"MixedPrecision(xc=True, k=True, vv10=False, xc_switch_tol=0.0003, k_switch_tol=0.001, vv10_switch_tol=1e-05, ao_cache_fp64=True)",fp64+fp32,"fp32*10,fp64*4","fp32*9,fp64*5",fp64*14,True,5696626688,2848313344,cupy.ndarray,1196683008,
37544474854-1-d05888b8,speed/atenolol/b3lyp/mtzvpp,2,,stock,6.3782,-882.2273669511917,13,True,762624,1831,496,,,,,,,,,cupy.ndarray,1196683008,
37544474854-1-d05888b8,speed/atenolol/b3lyp/mtzvpp,3,,mixed,3.2482,-882.2273669511894,13,True,762624,1831,496,"MixedPrecision(xc=True, k=True, vv10=False, xc_switch_tol=0.0003, k_switch_tol=0.001, vv10_switch_tol=1e-05, ao_cache_fp64=True)",fp64+fp32,"fp32*10,fp64*4","fp32*9,fp64*5",fp64*14,True,5697019904,2848509952,cupy.ndarray,1196683008,
37544474854-1-d05888b8,speed/atenolol/b3lyp/mtzvpp,3,,stock,6.821,-882.2273669511917,13,True,762624,1831,496,,,,,,,,,cupy.ndarray,1196683008,
37544474854-1-d05888b8,speed/metoprolol/b3lyp/mtzvpp,0,,mixed,2.6112,-867.338987539787,11,True,807936,1883,506,"MixedPrecision(xc=True, k=True, vv10=False, xc_switch_tol=0.0003, k_switch_tol=0.001, vv10_switch_tol=1e-05, ao_cache_fp64=True)",fp64+fp32,"fp32*9,fp64*3","fp32*9,fp64*3",fp64*12,True,6124929024,3062464512,cupy.ndarray,1289885128,
37544474854-1-d05888b8,speed/metoprolol/b3lyp/mtzvpp,0,,stock,5.3241,-867.3389875397916,11,True,807936,1883,506,,,,,,,,,cupy.ndarray,1289885128,
37544474854-1-d05888b8,speed/metoprolol/b3lyp/mtzvpp,1,,mixed,3.8196,-867.338987539787,11,True,807936,1883,506,"MixedPrecision(xc=True, k=True, vv10=False, xc_switch_tol=0.0003, k_switch_tol=0.001, vv10_switch_tol=1e-05, ao_cache_fp64=True)",fp64+fp32,"fp32*9,fp64*3","fp32*9,fp64*3",fp64*12,True,6124929024,3062464512,cupy.ndarray,1289885128,
37544474854-1-d05888b8,speed/metoprolol/b3lyp/mtzvpp,1,,stock,5.304,-867.338987539792,11,True,807936,1883,506,,,,,,,,,cupy.ndarray,1289885128,
37544474854-1-d05888b8,speed/metoprolol/b3lyp/mtzvpp,2,,mixed,2.718,-867.3389875397875,11,True,807936,1883,506,"MixedPrecision(xc=True, k=True, vv10=False, xc_switch_tol=0.0003, k_switch_tol=0.001, vv10_switch_tol=1e-05, ao_cache_fp64=True)",fp64+fp32,"fp32*9,fp64*3","fp32*9,fp64*3",fp64*12,True,6124929024,3062464512,cupy.ndarray,1289885128,
37544474854-1-d05888b8,speed/metoprolol/b3lyp/mtzvpp,2,,stock,5.2452,-867.3389875397916,11,True,807936,1883,506,,,,,,,,,cupy.ndarray,1289885128,
37544474854-1-d05888b8,speed/metoprolol/b3lyp/mtzvpp,3,,mixed,2.6508,-867.338987539787,11,True,807936,1883,506,"MixedPrecision(xc=True, k=True, vv10=False, xc_switch_tol=0.0003, k_switch_tol=0.001, vv10_switch_tol=1e-05, ao_cache_fp64=True)",fp64+fp32,"fp32*9,fp64*3","fp32*9,fp64*3",fp64*12,True,6124929024,3062464512,cupy.ndarray,1289885128,
37544474854-1-d05888b8,speed/metoprolol/b3lyp/mtzvpp,3,,stock,5.217,-867.3389875397911,11,True,807936,1883,506,,,,,,,,,cupy.ndarray,1289885128,
37544474854-1-d05888b8,speed/trimethoprim/b3lyp/mtzvpp,0,,mixed,3.0873,-989.3030268585278,12,True,747520,1913,524,"MixedPrecision(xc=True, k=True, vv10=False, xc_switch_tol=0.0003, k_switch_tol=0.001, vv10_switch_tol=1e-05, ao_cache_fp64=True)",fp64+fp32,"fp32*10,fp64*3","fp32*8,fp64*5",fp64*13,True,6629359616,3314679808,cupy.ndarray,1604976392,
37544474854-1-d05888b8,speed/trimethoprim/b3lyp/mtzvpp,0,,stock,6.3978,-989.3030268585346,12,True,747520,1913,524,,,,,,,,,cupy.ndarray,1604976392,
37544474854-1-d05888b8,speed/trimethoprim/b3lyp/mtzvpp,1,,mixed,3.1333,-989.3030268585287,12,True,747520,1913,524,"MixedPrecision(xc=True, k=True, vv10=False, xc_switch_tol=0.0003, k_switch_tol=0.001, vv10_switch_tol=1e-05, ao_cache_fp64=True)",fp64+fp32,"fp32*10,fp64*3","fp32*8,fp64*5",fp64*13,True,6629359616,3314679808,cupy.ndarray,1604976392,
37544474854-1-d05888b8,speed/trimethoprim/b3lyp/mtzvpp,1,,stock,5.856,-989.3030268585351,12,True,747520,1913,524,,,,,,,,,cupy.ndarray,1604976392,
37544474854-1-d05888b8,speed/trimethoprim/b3lyp/mtzvpp,2,,mixed,3.1559,-989.3030268585301,12,True,747520,1913,524,"MixedPrecision(xc=True, k=True, vv10=False, xc_switch_tol=0.0003, k_switch_tol=0.001, vv10_switch_tol=1e-05, ao_cache_fp64=True)",fp64+fp32,"fp32*10,fp64*3","fp32*8,fp64*5",fp64*13,True,6629490688,3314745344,cupy.ndarray,1604976392,
37544474854-1-d05888b8,speed/trimethoprim/b3lyp/mtzvpp,2,,stock,5.942,-989.3030268585355,12,True,747520,1913,524,,,,,,,,,cupy.ndarray,1604976392,
37544474854-1-d05888b8,speed/trimethoprim/b3lyp/mtzvpp,3,,mixed,3.3069,-989.3030268585287,12,True,747520,1913,524,"MixedPrecision(xc=True, k=True, vv10=False, xc_switch_tol=0.0003, k_switch_tol=0.001, vv10_switch_tol=1e-05, ao_cache_fp64=True)",fp64+fp32,"fp32*10,fp64*3","fp32*8,fp64*5",fp64*13,True,6629359616,3314679808,cupy.ndarray,1604976392,
37544474854-1-d05888b8,speed/trimethoprim/b3lyp/mtzvpp,3,,stock,5.9948,-989.3030268585355,12,True,747520,1913,524,,,,,,,,,cupy.ndarray,1604976392,
37544474854-1-d05888b8,speed/diclofenac/b3lyp/mtzvpp,0,,mixed,3.2147,-1666.022783362559,13,True,620800,1735,447,"MixedPrecision(xc=True, k=True, vv10=False, xc_switch_tol=0.0003, k_switch_tol=0.001, vv10_switch_tol=1e-05, ao_cache_fp64=True)",fp64+fp32,"fp32*9,fp64*5","fp32*8,fp64*6",fp64*14,True,5177106432,2588553216,cupy.ndarray,1142754280,
37544474854-1-d05888b8,speed/diclofenac/b3lyp/mtzvpp,0,,stock,5.5426,-1666.0227833625586,13,True,620800,1735,447,,,,,,,,,cupy.ndarray,1142754280,
37544474854-1-d05888b8,speed/diclofenac/b3lyp/mtzvpp,1,,mixed,3.1362,-1666.0227833625572,13,True,620800,1735,447,"MixedPrecision(xc=True, k=True, vv10=False, xc_switch_tol=0.0003, k_switch_tol=0.001, vv10_switch_tol=1e-05, ao_cache_fp64=True)",fp64+fp32,"fp32*9,fp64*5","fp32*8,fp64*6",fp64*14,True,5177106432,2588553216,cupy.ndarray,1142754280,
37544474854-1-d05888b8,speed/diclofenac/b3lyp/mtzvpp,1,,stock,5.5833,-1666.0227833625586,13,True,620800,1735,447,,,,,,,,,cupy.ndarray,1142754280,
37544474854-1-d05888b8,speed/diclofenac/b3lyp/mtzvpp,2,,mixed,3.3396,-1666.0227833625595,13,True,620800,1735,447,"MixedPrecision(xc=True, k=True, vv10=False, xc_switch_tol=0.0003, k_switch_tol=0.001, vv10_switch_tol=1e-05, ao_cache_fp64=True)",fp64+fp32,"fp32*9,fp64*5","fp32*8,fp64*6",fp64*14,True,5177106432,2588553216,cupy.ndarray,1142754280,
37544474854-1-d05888b8,speed/diclofenac/b3lyp/mtzvpp,2,,stock,5.5803,-1666.0227833625586,13,True,620800,1735,447,,,,,,,,,cupy.ndarray,1142754280,
37544474854-1-d05888b8,speed/diclofenac/b3lyp/mtzvpp,3,,mixed,3.1436,-1666.0227833625586,13,True,620800,1735,447,"MixedPrecision(xc=True, k=True, vv10=False, xc_switch_tol=0.0003, k_switch_tol=0.001, vv10_switch_tol=1e-05, ao_cache_fp64=True)",fp64+fp32,"fp32*9,fp64*5","fp32*8,fp64*6",fp64*14,True,5177106432,2588553216,cupy.ndarray,1142754280,
37544474854-1-d05888b8,speed/diclofenac/b3lyp/mtzvpp,3,,stock,5.5878,-1666.0227833625581,13,True,620800,1735,447,,,,,,,,,cupy.ndarray,1142754280,
37544474854-1-d05888b8,speed/fluconazole/b3lyp/mtzvpp,0,,mixed,3.2437,-1106.3541719153434,13,True,679680,1884,523,"MixedPrecision(xc=True, k=True, vv10=False, xc_switch_tol=0.0003, k_switch_tol=0.001, vv10_switch_tol=1e-05, ao_cache_fp64=True)",fp64+fp32,"fp32*11,fp64*3","fp32*9,fp64*5",fp64*14,True,6602981376,3301490688,cupy.ndarray,1663285632,
37544474854-1-d05888b8,speed/fluconazole/b3lyp/mtzvpp,0,,stock,6.26,-1106.3541719153498,13,True,679680,1884,523,,,,,,,,,cupy.ndarray,1663285632,
37544474854-1-d05888b8,speed/fluconazole/b3lyp/mtzvpp,1,,mixed,3.1383,-1106.354171915343,13,True,679680,1884,523,"MixedPrecision(xc=True, k=True, vv10=False, xc_switch_tol=0.0003, k_switch_tol=0.001, vv10_switch_tol=1e-05, ao_cache_fp64=True)",fp64+fp32,"fp32*11,fp64*3","fp32*9,fp64*5",fp64*14,True,6602981376,3301490688,cupy.ndarray,1663285632,
37544474854-1-d05888b8,speed/fluconazole/b3lyp/mtzvpp,1,,stock,6.3151,-1106.3541719153493,13,True,679680,1884,523,,,,,,,,,cupy.ndarray,1663285632,
37544474854-1-d05888b8,speed/fluconazole/b3lyp/mtzvpp,2,,mixed,3.2164,-1106.354171915343,13,True,679680,1884,523,"MixedPrecision(xc=True, k=True, vv10=False, xc_switch_tol=0.0003, k_switch_tol=0.001, vv10_switch_tol=1e-05, ao_cache_fp64=True)",fp64+fp32,"fp32*11,fp64*3","fp32*9,fp64*5",fp64*14,True,6602981376,3301490688,cupy.ndarray,1663285632,
37544474854-1-d05888b8,speed/fluconazole/b3lyp/mtzvpp,2,,stock,6.998,-1106.3541719153493,13,True,679680,1884,523,,,,,,,,,cupy.ndarray,1663285632,
37544474854-1-d05888b8,speed/fluconazole/b3lyp/mtzvpp,3,,mixed,3.419,-1106.3541719153438,13,True,679680,1884,523,"MixedPrecision(xc=True, k=True, vv10=False, xc_switch_tol=0.0003, k_switch_tol=0.001, vv10_switch_tol=1e-05, ao_cache_fp64=True)",fp64+fp32,"fp32*11,fp64*3","fp32*9,fp64*5",fp64*14,True,6603112448,3301556224,cupy.ndarray,1663285632,
37544474854-1-d05888b8,speed/fluconazole/b3lyp/mtzvpp,3,,stock,6.3895,-1106.3541719153488,13,True,679680,1884,523,,,,,,,,,cupy.ndarray,1663285632,
37544474854-1-d05888b8,speed/warfarin/b3lyp/mtzvpp,0,,mixed,3.8346,-1034.9050784581837,14,True,762624,2021,537,"MixedPrecision(xc=True, k=True, vv10=False, xc_switch_tol=0.0003, k_switch_tol=0.001, vv10_switch_tol=1e-05, ao_cache_fp64=True)",fp64+fp32,"fp32*11,fp64*4","fp32*10,fp64*5",fp64*15,True,7095951360,3547975680,cupy.ndarray,1827081008,
37544474854-1-d05888b8,speed/warfarin/b3lyp/mtzvpp,0,,stock,7.898,-1034.9050784581905,14,True,762624,2021,537,,,,,,,,,cupy.ndarray,1827081008,
37544474854-1-d05888b8,speed/warfarin/b3lyp/mtzvpp,1,,mixed,4.1374,-1034.9050784581837,14,True,762624,2021,537,"MixedPrecision(xc=True, k=True, vv10=False, xc_switch_tol=0.0003, k_switch_tol=0.001, vv10_switch_tol=1e-05, ao_cache_fp64=True)",fp64+fp32,"fp32*11,fp64*4","fp32*10,fp64*5",fp64*15,True,7095951360,3547975680,cupy.ndarray,1827081008,
37544474854-1-d05888b8,speed/warfarin/b3lyp/mtzvpp,1,,stock,7.7799,-1034.9050784581896,14,True,762624,2021,537,,,,,,,,,cupy.ndarray,1827081008,
37544474854-1-d05888b8,speed/warfarin/b3lyp/mtzvpp,2,,mixed,3.85,-1034.9050784581846,14,True,762624,2021,537,"MixedPrecision(xc=True, k=True, vv10=False, xc_switch_tol=0.0003, k_switch_tol=0.001, vv10_switch_tol=1e-05, ao_cache_fp64=True)",fp64+fp32,"fp32*11,fp64*4","fp32*10,fp64*5",fp64*15,True,7098834944,3549417472,cupy.ndarray,1827081008,
37544474854-1-d05888b8,speed/warfarin/b3lyp/mtzvpp,2,,stock,7.7867,-1034.905078458191,14,True,762624,2021,537,,,,,,,,,cupy.ndarray,1827081008,
37544474854-1-d05888b8,speed/warfarin/b3lyp/mtzvpp,3,,mixed,4.3921,-1034.9050784581846,14,True,762624,2021,537,"MixedPrecision(xc=True, k=True, vv10=False, xc_switch_tol=0.0003, k_switch_tol=0.001, vv10_switch_tol=1e-05, ao_cache_fp64=True)",fp64+fp32,"fp32*11,fp64*4","fp32*10,fp64*5",fp64*15,True,7096082432,3548041216,cupy.ndarray,1827081008,
37544474854-1-d05888b8,speed/warfarin/b3lyp/mtzvpp,3,,stock,8.075,-1034.9050784581905,14,True,762624,2021,537,,,,,,,,,cupy.ndarray,1827081008,
37544474854-1-d05888b8,speed/omeprazole/b3lyp/mtzvpp,0,,mixed,5.0382,-1447.670011470752,14,True,842752,2207,589,"MixedPrecision(xc=True, k=True, vv10=False, xc_switch_tol=0.0003, k_switch_tol=0.001, vv10_switch_tol=1e-05, ao_cache_fp64=True)",fp64+fp32,"fp32*11,fp64*4","fp32*11,fp64*4",fp64*15,True,7309426688,3654713344,cupy.ndarray,2114570840,
37544474854-1-d05888b8,speed/omeprazole/b3lyp/mtzvpp,0,,stock,9.602,-1447.6700114705827,13,True,842752,2207,589,,,,,,,,,cupy.ndarray,2114570840,
37544474854-1-d05888b8,speed/omeprazole/b3lyp/mtzvpp,1,,mixed,5.419,-1447.670011470757,14,True,842752,2207,589,"MixedPrecision(xc=True, k=True, vv10=False, xc_switch_tol=0.0003, k_switch_tol=0.001, vv10_switch_tol=1e-05, ao_cache_fp64=True)",fp64+fp32,"fp32*11,fp64*4","fp32*11,fp64*4",fp64*15,True,7309295616,3654647808,cupy.ndarray,2114570840,
37544474854-1-d05888b8,speed/omeprazole/b3lyp/mtzvpp,1,,stock,9.3499,-1447.6700114705832,13,True,842752,2207,589,,,,,,,,,cupy.ndarray,2114570840,
37544474854-1-d05888b8,speed/omeprazole/b3lyp/mtzvpp,2,,mixed,4.7783,-1447.6700114707564,14,True,842752,2207,589,"MixedPrecision(xc=True, k=True, vv10=False, xc_switch_tol=0.0003, k_switch_tol=0.001, vv10_switch_tol=1e-05, ao_cache_fp64=True)",fp64+fp32,"fp32*11,fp64*4","fp32*11,fp64*4",fp64*15,True,7309295616,3654647808,cupy.ndarray,2114570840,
37544474854-1-d05888b8,speed/omeprazole/b3lyp/mtzvpp,2,,stock,9.5269,-1447.6700114705827,13,True,842752,2207,589,,,,,,,,,cupy.ndarray,2114570840,
37544474854-1-d05888b8,speed/omeprazole/b3lyp/mtzvpp,3,,mixed,4.7685,-1447.6700114707578,14,True,842752,2207,589,"MixedPrecision(xc=True, k=True, vv10=False, xc_switch_tol=0.0003, k_switch_tol=0.001, vv10_switch_tol=1e-05, ao_cache_fp64=True)",fp64+fp32,"fp32*11,fp64*4","fp32*11,fp64*4",fp64*15,True,7309295616,3654647808,cupy.ndarray,2114570840,
37544474854-1-d05888b8,speed/omeprazole/b3lyp/mtzvpp,3,,stock,9.3953,-1447.6700114705832,13,True,842752,2207,589,,,,,,,,,cupy.ndarray,2114570840,
37544474854-1-d05888b8,speed/celecoxib/b3lyp/mtzvpp,0,,mixed,5.3149,-1669.0626236858584,13,True,812544,2271,612,"MixedPrecision(xc=True, k=True, vv10=False, xc_switch_tol=0.0003, k_switch_tol=0.001, vv10_switch_tol=1e-05, ao_cache_fp64=True)",fp64+fp32,"fp32*11,fp64*3","fp32*8,fp64*6",fp64*14,True,7357595648,3678797824,cupy.ndarray,2324250408,
37544474854-1-d05888b8,speed/celecoxib/b3lyp/mtzvpp,0,,stock,10.3445,-1669.0626236858634,13,True,812544,2271,612,,,,,,,,,cupy.ndarray,2324250408,
37544474854-1-d05888b8,speed/celecoxib/b3lyp/mtzvpp,1,,mixed,5.7608,-1669.0626236858602,13,True,812544,2271,612,"MixedPrecision(xc=True, k=True, vv10=False, xc_switch_tol=0.0003, k_switch_tol=0.001, vv10_switch_tol=1e-05, ao_cache_fp64=True)",fp64+fp32,"fp32*11,fp64*3","fp32*8,fp64*6",fp64*14,True,7357595648,3678797824,cupy.ndarray,2324250408,
37544474854-1-d05888b8,speed/celecoxib/b3lyp/mtzvpp,1,,stock,10.516,-1669.0626236858634,13,True,812544,2271,612,,,,,,,,,cupy.ndarray,2324250408,
37544474854-1-d05888b8,speed/celecoxib/b3lyp/mtzvpp,2,,mixed,5.4164,-1669.0626236858589,13,True,812544,2271,612,"MixedPrecision(xc=True, k=True, vv10=False, xc_switch_tol=0.0003, k_switch_tol=0.001, vv10_switch_tol=1e-05, ao_cache_fp64=True)",fp64+fp32,"fp32*11,fp64*3","fp32*8,fp64*6",fp64*14,True,7357595648,3678797824,cupy.ndarray,2324250408,
37544474854-1-d05888b8,speed/celecoxib/b3lyp/mtzvpp,2,,stock,10.546,-1669.0626236858639,13,True,812544,2271,612,,,,,,,,,cupy.ndarray,2324250408,
37544474854-1-d05888b8,speed/celecoxib/b3lyp/mtzvpp,3,,mixed,5.2356,-1669.0626236858602,13,True,812544,2271,612,"MixedPrecision(xc=True, k=True, vv10=False, xc_switch_tol=0.0003, k_switch_tol=0.001, vv10_switch_tol=1e-05, ao_cache_fp64=True)",fp64+fp32,"fp32*11,fp64*3","fp32*8,fp64*6",fp64*14,True,7357595648,3678797824,cupy.ndarray,2324250408,
37544474854-1-d05888b8,speed/celecoxib/b3lyp/mtzvpp,3,,stock,10.3157,-1669.0626236858634,13,True,812544,2271,612,,,,,,,,,cupy.ndarray,2324250408,
37544474854-1-d05888b8,bridge/metformin/r2scan/mtzvpp,1,,mixed,2.0804,-432.6914662052529,12,True,370176,883,251,"MixedPrecision(xc=True, k=False, vv10=False, xc_switch_tol=0.001, k_switch_tol=0.001, vv10_switch_tol=1e-05, ao_cache_fp64=True)",fp64+fp32,"fp32*8,fp64*5",fp64*13,fp64*13,True,2213838848,1106919424,,0,
37544474854-1-d05888b8,bridge/metformin/r2scan/mtzvpp,1,,stock,2.7504,-432.6914662052532,12,True,370176,883,251,,,,,,,,,,0,
37544474854-1-d05888b8,bridge/paracetamol/r2scan/mtzvpp,1,,mixed,1.9285,-515.3814799380369,14,True,385280,993,269,"MixedPrecision(xc=True, k=False, vv10=False, xc_switch_tol=0.001, k_switch_tol=0.001, vv10_switch_tol=1e-05, ao_cache_fp64=True)",fp64+fp32,"fp32*9,fp64*6",fp64*15,fp64*15,True,2242281472,1121140736,,0,
37544474854-1-d05888b8,bridge/paracetamol/r2scan/mtzvpp,1,,stock,3.3835,-515.3814799380372,14,True,385280,993,269,,,,,,,,,,0,
37544474854-1-d05888b8,bridge/nicotine/r2scan/mtzvpp,1,,mixed,2.6653,-498.83002083751194,12,True,483328,1156,308,"MixedPrecision(xc=True, k=False, vv10=False, xc_switch_tol=0.001, k_switch_tol=0.001, vv10_switch_tol=1e-05, ao_cache_fp64=True)",fp64+fp32,"fp32*8,fp64*5",fp64*13,fp64*13,True,3389128704,1694564352,,0,
37544474854-1-d05888b8,bridge/nicotine/r2scan/mtzvpp,1,,stock,3.8778,-498.83002083751194,12,True,483328,1156,308,,,,,,,,,,0,
37544474854-1-d05888b8,bridge/gabapentin/r2scan/mtzvpp,1,,mixed,2.607,-558.2822780655162,12,True,528640,1212,328,"MixedPrecision(xc=True, k=False, vv10=False, xc_switch_tol=0.001, k_switch_tol=0.001, vv10_switch_tol=1e-05, ao_cache_fp64=True)",fp64+fp32,"fp32*9,fp64*4",fp64*13,fp64*13,True,3991240704,1995620352,,0,
37544474854-1-d05888b8,bridge/gabapentin/r2scan/mtzvpp,1,,stock,4.3148,-558.2822780655162,12,True,528640,1212,328,,,,,,,,,,0,
37544474854-1-d05888b8,bridge/aspirin/r2scan/mtzvpp,1,,mixed,2.3487,-648.5867378508134,14,True,415488,1127,307,"MixedPrecision(xc=True, k=False, vv10=False, xc_switch_tol=0.001, k_switch_tol=0.001, vv10_switch_tol=1e-05, ao_cache_fp64=True)",fp64+fp32,"fp32*9,fp64*6",fp64*15,fp64*15,True,2842419200,1421209600,,0,
37544474854-1-d05888b8,bridge/aspirin/r2scan/mtzvpp,1,,stock,3.6494,-648.5867378508132,14,True,415488,1127,307,,,,,,,,,,0,
37544474854-1-d05888b8,bridge/theophylline/r2scan/mtzvpp,1,,mixed,3.1257,-640.9480150380787,16,True,415488,1131,317,"MixedPrecision(xc=True, k=False, vv10=False, xc_switch_tol=0.001, k_switch_tol=0.001, vv10_switch_tol=1e-05, ao_cache_fp64=True)",fp64+fp32,"fp32*10,fp64*7",fp64*17,fp64*17,True,2983403520,1491701760,,0,
37544474854-1-d05888b8,bridge/theophylline/r2scan/mtzvpp,1,,stock,4.6847,-640.9480150380784,16,True,415488,1131,317,,,,,,,,,,0,
37544474854-1-d05888b8,bridge/caffeine/r2scan/mtzvpp,1,,mixed,3.3202,-680.2427859221962,16,True,468224,1242,346,"MixedPrecision(xc=True, k=False, vv10=False, xc_switch_tol=0.001, k_switch_tol=0.001, vv10_switch_tol=1e-05, ao_cache_fp64=True)",fp64+fp32,"fp32*10,fp64*7",fp64*17,fp64*17,True,3506569216,1753284608,,0,
37544474854-1-d05888b8,bridge/caffeine/r2scan/mtzvpp,1,,stock,5.4352,-680.2427859221953,16,True,468224,1242,346,,,,,,,,,,0,
37544474854-1-d05888b8,bridge/levodopa/r2scan/mtzvpp,1,,mixed,2.8645,-705.1224984483766,14,True,483328,1258,346,"MixedPrecision(xc=True, k=False, vv10=False, xc_switch_tol=0.001, k_switch_tol=0.001, vv10_switch_tol=1e-05, ao_cache_fp64=True)",fp64+fp32,"fp32*9,fp64*6",fp64*15,fp64*15,True,3390308352,1695154176,,0,
37544474854-1-d05888b8,bridge/levodopa/r2scan/mtzvpp,1,,stock,4.7685,-705.1224984483769,14,True,483328,1258,346,,,,,,,,,,0,
37544474854-1-d05888b8,bridge/ibuprofen/r2scan/mtzvpp,1,,mixed,3.9245,-656.5422410927822,14,True,611584,1453,385,"MixedPrecision(xc=True, k=False, vv10=False, xc_switch_tol=0.001, k_switch_tol=0.001, vv10_switch_tol=1e-05, ao_cache_fp64=True)",fp64+fp32,"fp32*8,fp64*7",fp64*15,fp64*15,True,4386955264,2193477632,,0,
37544474854-1-d05888b8,bridge/ibuprofen/r2scan/mtzvpp,1,,stock,6.0229,-656.5422410927827,14,True,611584,1453,385,,,,,,,,,,0,
37544474854-1-d05888b8,bridge/naproxen/r2scan/mtzvpp,1,,mixed,3.4901,-767.4423859549363,14,True,596480,1533,408,"MixedPrecision(xc=True, k=False, vv10=False, xc_switch_tol=0.001, k_switch_tol=0.001, vv10_switch_tol=1e-05, ao_cache_fp64=True)",fp64+fp32,"fp32*10,fp64*5",fp64*15,fp64*15,True,4393893888,2196946944,,0,
37544474854-1-d05888b8,bridge/naproxen/r2scan/mtzvpp,1,,stock,5.9581,-767.4423859549356,14,True,596480,1533,408,,,,,,,,,,0,
37544474854-1-d05888b8,bridge/lidocaine/r2scan/mtzvpp,1,,mixed,4.686,-731.2775701784608,14,True,717312,1677,448,"MixedPrecision(xc=True, k=False, vv10=False, xc_switch_tol=0.001, k_switch_tol=0.001, vv10_switch_tol=1e-05, ao_cache_fp64=True)",fp64+fp32,"fp32*10,fp64*5",fp64*15,fp64*15,True,5859049472,2929524736,,0,
37544474854-1-d05888b8,bridge/lidocaine/r2scan/mtzvpp,1,,stock,8.4355,-731.2775701784612,14,True,717312,1677,448,,,,,,,,,,0,
37544474854-1-d05888b8,bridge/salbutamol/r2scan/mtzvpp,1,,mixed,4.1854,-788.2637200167399,13,True,702208,1661,448,"MixedPrecision(xc=True, k=False, vv10=False, xc_switch_tol=0.001, k_switch_tol=0.001, vv10_switch_tol=1e-05, ao_cache_fp64=True)",fp64+fp32,"fp32*9,fp64*5",fp64*14,fp64*14,True,5539561472,2769780736,,0,
37544474854-1-d05888b8,bridge/salbutamol/r2scan/mtzvpp,1,,stock,7.1177,-788.2637200167401,13,True,702208,1661,448,,,,,,,,,,0,
37544474854-1-d05888b8,bridge/phenytoin/r2scan/mtzvpp,1,,mixed,5.9946,-838.6298230520702,16,True,611584,1649,441,"MixedPrecision(xc=True, k=False, vv10=False, xc_switch_tol=0.001, k_switch_tol=0.001, vv10_switch_tol=1e-05, ao_cache_fp64=True)",fp64+fp32,"fp32*10,fp64*7",fp64*17,fp64*17,True,5365792768,2682896384,,0,
37544474854-1-d05888b8,bridge/phenytoin/r2scan/mtzvpp,1,,stock,10.4406,-838.6298230520692,16,True,611584,1649,441,,,,,,,,,,0,
37544474854-1-d05888b8,bridge/ketoprofen/r2scan/mtzvpp,1,,mixed,5.149,-843.6426338173649,17,True,641792,1683,446,"MixedPrecision(xc=True, k=False, vv10=False, xc_switch_tol=0.001, k_switch_tol=0.001, vv10_switch_tol=1e-05, ao_cache_fp64=True)",fp64+fp32,"fp32*11,fp64*7",fp64*18,fp64*18,True,5125996544,2562998272,,0,
37544474854-1-d05888b8,bridge/ketoprofen/r2scan/mtzvpp,1,,stock,8.5869,-843.6426338173635,17,True,641792,1683,446,,,,,,,,,,0,
37544474854-1-d05888b8,bridge/diphenhydramine/r2scan/mtzvpp,1,,mixed,5.2149,-790.1837092856063,13,True,747520,1807,476,"MixedPrecision(xc=True, k=False, vv10=False, xc_switch_tol=0.001, k_switch_tol=0.001, vv10_switch_tol=1e-05, ao_cache_fp64=True)",fp64+fp32,"fp32*8,fp64*6",fp64*14,fp64*14,True,5999558656,2999779328,,0,
37544474854-1-d05888b8,bridge/diphenhydramine/r2scan/mtzvpp,1,,stock,8.1102,-790.1837092856063,13,True,747520,1807,476,,,,,,,,,,0,
37544474854-1-d05888b8,bridge/propranolol/r2scan/mtzvpp,1,,mixed,5.678,-827.3346047560422,14,True,747520,1809,481,"MixedPrecision(xc=True, k=False, vv10=False, xc_switch_tol=0.001, k_switch_tol=0.001, vv10_switch_tol=1e-05, ao_cache_fp64=True)",fp64+fp32,"fp32*8,fp64*7",fp64*15,fp64*15,True,5783289856,2891644928,,0,
37544474854-1-d05888b8,bridge/propranolol/r2scan/mtzvpp,1,,stock,10.129,-827.3346047560408,14,True,747520,1809,481,,,,,,,,,,0,
37544474854-1-d05888b8,bridge/atenolol/r2scan/mtzvpp,1,,mixed,5.2531,-881.7228799185934,14,True,762624,1831,496,"MixedPrecision(xc=True, k=False, vv10=False, xc_switch_tol=0.001, k_switch_tol=0.001, vv10_switch_tol=1e-05, ao_cache_fp64=True)",fp64+fp32,"fp32*9,fp64*6",fp64*15,fp64*15,True,5697150976,2848575488,,0,
37544474854-1-d05888b8,bridge/atenolol/r2scan/mtzvpp,1,,stock,8.8096,-881.7228799185948,14,True,762624,1831,496,,,,,,,,,,0,
37544474854-1-d05888b8,bridge/metoprolol/r2scan/mtzvpp,1,,mixed,4.6593,-866.8283151098826,13,True,807936,1883,506,"MixedPrecision(xc=True, k=False, vv10=False, xc_switch_tol=0.001, k_switch_tol=0.001, vv10_switch_tol=1e-05, ao_cache_fp64=True)",fp64+fp32,"fp32*9,fp64*5",fp64*14,fp64*14,True,6124929024,3062464512,,0,
37544474854-1-d05888b8,bridge/metoprolol/r2scan/mtzvpp,1,,stock,7.9689,-866.8283151098826,13,True,807936,1883,506,,,,,,,,,,0,
37544474854-1-d05888b8,bridge/trimethoprim/r2scan/mtzvpp,1,,mixed,5.3602,-988.7618383074271,14,True,747520,1913,524,"MixedPrecision(xc=True, k=False, vv10=False, xc_switch_tol=0.001, k_switch_tol=0.001, vv10_switch_tol=1e-05, ao_cache_fp64=True)",fp64+fp32,"fp32*10,fp64*5",fp64*15,fp64*15,True,6629359616,3314679808,,0,
37544474854-1-d05888b8,bridge/trimethoprim/r2scan/mtzvpp,1,,stock,10.3011,-988.7618383074293,14,True,747520,1913,524,,,,,,,,,,0,
37544474854-1-d05888b8,bridge/diclofenac/r2scan/mtzvpp,1,,mixed,5.373,-1665.5325286016614,14,True,620800,1735,447,"MixedPrecision(xc=True, k=False, vv10=False, xc_switch_tol=0.001, k_switch_tol=0.001, vv10_switch_tol=1e-05, ao_cache_fp64=True)",fp64+fp32,"fp32*8,fp64*7",fp64*15,fp64*15,True,5177106432,2588553216,,0,
37544474854-1-d05888b8,bridge/diclofenac/r2scan/mtzvpp,1,,stock,8.4847,-1665.532528601661,14,True,620800,1735,447,,,,,,,,,,0,
37544474854-1-d05888b8,bridge/fluconazole/r2scan/mtzvpp,1,,mixed,5.7518,-1105.7965438781396,14,True,679680,1884,523,"MixedPrecision(xc=True, k=False, vv10=False, xc_switch_tol=0.001, k_switch_tol=0.001, vv10_switch_tol=1e-05, ao_cache_fp64=True)",fp64+fp32,"fp32*9,fp64*6",fp64*15,fp64*15,True,6602981376,3301490688,,0,
37544474854-1-d05888b8,bridge/fluconazole/r2scan/mtzvpp,1,,stock,9.9962,-1105.7965438781391,14,True,679680,1884,523,,,,,,,,,,0,
37544474854-1-d05888b8,bridge/warfarin/r2scan/mtzvpp,1,,mixed,7.5551,-1034.3422719186224,17,True,762624,2021,537,"MixedPrecision(xc=True, k=False, vv10=False, xc_switch_tol=0.001, k_switch_tol=0.001, vv10_switch_tol=1e-05, ao_cache_fp64=True)",fp64+fp32,"fp32*11,fp64*7",fp64*18,fp64*18,True,7095951360,3547975680,,0,
37544474854-1-d05888b8,bridge/warfarin/r2scan/mtzvpp,1,,stock,13.5918,-1034.342271918622,17,True,762624,2021,537,,,,,,,,,,0,
37544474854-1-d05888b8,bridge/omeprazole/r2scan/mtzvpp,1,,mixed,8.3148,-1447.0603350340625,17,True,842752,2207,589,"MixedPrecision(xc=True, k=False, vv10=False, xc_switch_tol=0.001, k_switch_tol=0.001, vv10_switch_tol=1e-05, ao_cache_fp64=True)",fp64+fp32,"fp32*11,fp64*7",fp64*18,fp64*18,True,7309295616,3654647808,,0,
37544474854-1-d05888b8,bridge/omeprazole/r2scan/mtzvpp,1,,stock,14.9592,-1447.0603350340598,17,True,842752,2207,589,,,,,,,,,,0,
37544474854-1-d05888b8,bridge/celecoxib/r2scan/mtzvpp,1,,mixed,8.0752,-1668.3950499430862,15,True,812544,2271,612,"MixedPrecision(xc=True, k=False, vv10=False, xc_switch_tol=0.001, k_switch_tol=0.001, vv10_switch_tol=1e-05, ao_cache_fp64=True)",fp64+fp32,"fp32*9,fp64*7",fp64*16,fp64*16,True,7357595648,3678797824,,0,
37544474854-1-d05888b8,bridge/celecoxib/r2scan/mtzvpp,1,,stock,13.4099,-1668.3950499430862,15,True,812544,2271,612,,,,,,,,,,0,
